"Guid","SBQQ__AdditionalDiscountAmount__c","SBQQ__AdditionalQuantity__c","SBQQ__AllowAssetRefund__c","SBQQ__BatchQuantity__c","SBQQ__BillingFrequency__c","SBQQ__BillingType__c","SBQQ__BlockPrice__c","SBQQ__Bundle__c","SBQQ__BundledQuantity__c","SBQQ__Bundled__c","SBQQ__CarryoverLine__c","SBQQ__ChargeType__c","SBQQ__ComponentCost__c","SBQQ__ComponentDiscountedByPackage__c","SBQQ__ComponentListTotal__c","SBQQ__ComponentSubscriptionScope__c","SBQQ__ComponentTotal__c","SBQQ__ComponentUpliftedByPackage__c","SBQQ__CompoundDiscountRate__c","SBQQ__ConfigurationRequired__c","SBQQ__ContractedPrice__c","SBQQ__CostEditable__c","SBQQ__Cost__c","SBQQ__CustomerPrice__c","SBQQ__DefaultSubscriptionTerm__c","SBQQ__Description__c","SBQQ__Dimension__c","SBQQ__DiscountScheduleType__c","SBQQ__DiscountSchedule__c","SBQQ__Discount__c","SBQQ__DistributorDiscount__c","SBQQ__DynamicOptionId__c","SBQQ__EarliestValidAmendmentStartDate__c","SBQQ__EndDate__c","SBQQ__Existing__c","SBQQ__Favorite__c","SBQQ__GenerateContractedPrice__c","SBQQ__GrossProfit__c","SBQQ__Group__c","SBQQ__Guidance__c","SBQQ__HasConsumptionSchedule__c","SBQQ__Hidden__c","SBQQ__Incomplete__c","SBQQ__ListPrice__c","SBQQ__MarkupAmount__c","SBQQ__MarkupRate__c","SBQQ__MaximumPrice__c","SBQQ__MinimumPrice__c","SBQQ__NetPrice__c","SBQQ__NonDiscountable__c","SBQQ__NonPartnerDiscountable__c","SBQQ__Number__c","SBQQ__OptionDiscountAmount__c","SBQQ__OptionDiscount__c","SBQQ__OptionLevel__c","SBQQ__OptionType__c","SBQQ__Optional__c","SBQQ__OriginalPrice__c","SBQQ__OriginalQuoteLineId__c","SBQQ__OriginalUnitCost__c","SBQQ__PackageProductCode__c","SBQQ__PackageProductDescription__c","SBQQ__PartnerDiscount__c","SBQQ__PartnerPrice__c","SBQQ__PreviousSegmentPrice__c","SBQQ__PreviousSegmentUplift__c","SBQQ__PriceEditable__c","SBQQ__PricebookEntryId__c","SBQQ__PricingMethodEditable__c","SBQQ__PricingMethod__c","SBQQ__PriorQuantity__c","SBQQ__ProductOption__c","SBQQ__ProductSubscriptionType__c","SBQQ__ProrateMultiplier__c","SBQQ__ProratedListPrice__c","SBQQ__ProratedPrice__c","SBQQ__Quantity__c","SBQQ__Quote__c","SBQQ__RegularPrice__c","SBQQ__Renewal__c","SBQQ__RenewedSubscription__c","SBQQ__RequiredBy__c","SBQQ__SegmentIndex__c","SBQQ__SegmentKey__c","SBQQ__SegmentLabel__c","SBQQ__Source__c","SBQQ__SpecialPriceDescription__c","SBQQ__SpecialPriceType__c","SBQQ__SpecialPrice__c","SBQQ__StartDate__c","SBQQ__SubscribedAssetIds__c","SBQQ__SubscriptionBase__c","SBQQ__SubscriptionCategory__c","SBQQ__SubscriptionPercent__c","SBQQ__SubscriptionPricing__c","SBQQ__SubscriptionScope__c","SBQQ__SubscriptionTargetPrice__c","SBQQ__SubscriptionTerm__c","SBQQ__SubscriptionType__c","SBQQ__TaxCode__c","SBQQ__Taxable__c","SBQQ__TermDiscountSchedule__c","SBQQ__TermDiscount__c","SBQQ__UnitCost__c","SBQQ__UnproratedNetPrice__c","SBQQ__UpgradedQuantity__c","SBQQ__UpgradedSubscription__c","SBQQ__UpliftAmount__c","SBQQ__Uplift__c","SBQQ__VolumeDiscount__c"
03ca9ef0-43cc-44c3-b4d0-ed36675732b4,"#N/A","#N/A",false,"#N/A","#N/A","#N/A","#N/A",false,1.0,false,false,"#N/A","#N/A",false,"#N/A","#N/A","#N/A",false,"#N/A",false,"#N/A",false,"#N/A",150.0,1.0,Regular cleaning &amp; preventative maintenance to keep your equipment operating optimally.- Recurring,"#N/A","#N/A","#N/A","#N/A","#N/A",a2s8c000000mGKtAAM,"#N/A","#N/A",false,"#N/A","#N/A","#N/A","#N/A","#N/A",false,false,false,150.0,"#N/A","#N/A","#N/A","#N/A",150.0,false,false,5.0,"#N/A","#N/A",1.0,Component,false,150.0,"#N/A","#N/A","#N/A","#N/A","#N/A",150.0,"#N/A","#N/A",false,01u8c00000GqdRVAAZ,false,List,"#N/A",1f7667b2-d998-4dc7-9703-463ca7cb9bf3,Renewable,1.0,150.0,150.0,1.0,ef91efc3-bc45-433a-990a-6fe515244d35,150.0,false,"#N/A",695ee962-2bbf-41fb-a3d7-e707fde5758b,"#N/A","#N/A","#N/A","#N/A","#N/A","#N/A",150.0,"#N/A","#N/A",List,"#N/A","#N/A",Fixed Price,Quote,"#N/A","#N/A",Renewable,"#N/A",false,"#N/A","#N/A","#N/A","#N/A","#N/A","#N/A",0.0,0.0,"#N/A"
0593d94c-3a3a-40cd-8299-fa631e2044a9,"#N/A","#N/A",false,"#N/A","#N/A","#N/A","#N/A",false,1.0,false,false,"#N/A","#N/A",false,"#N/A","#N/A","#N/A",false,"#N/A",false,"#N/A",false,"#N/A",150.0,1.0,Regular cleaning &amp; preventative maintenance to keep your equipment operating optimally.- Recurring,"#N/A","#N/A","#N/A","#N/A","#N/A",a2s8c000000mGCdAAM,"#N/A","#N/A",false,"#N/A","#N/A","#N/A","#N/A","#N/A",false,false,false,150.0,"#N/A","#N/A","#N/A","#N/A",150.0,false,false,8.0,"#N/A","#N/A",1.0,Component,false,150.0,"#N/A","#N/A","#N/A","#N/A","#N/A",150.0,"#N/A","#N/A",false,01u8c00000HCEXKAA5,false,List,"#N/A",227b8495-960b-4c76-af10-6411c7e34d22,Renewable,1.0,150.0,150.0,1.0,67d81699-787b-42b4-8455-8026dfe1f084,150.0,false,"#N/A",8d4ab54b-f116-4419-b653-c3fc5b43c083,"#N/A","#N/A","#N/A","#N/A","#N/A","#N/A",150.0,"#N/A","#N/A",List,"#N/A","#N/A",Fixed Price,Quote,"#N/A","#N/A",Renewable,"#N/A",false,"#N/A","#N/A","#N/A","#N/A","#N/A","#N/A",0.0,0.0,"#N/A"
0600f891-c57c-448b-aebe-c1bf15b3bd87,"#N/A","#N/A",false,"#N/A","#N/A","#N/A","#N/A",false,1.0,false,false,"#N/A","#N/A",false,"#N/A","#N/A","#N/A",false,"#N/A",false,"#N/A",false,"#N/A",39.35,"#N/A",12 Gallon Bag in Box Syrup- One time,"#N/A","#N/A","#N/A","#N/A","#N/A",a2s8c000000mGCbAAM,"#N/A","#N/A",false,"#N/A","#N/A","#N/A","#N/A","#N/A",false,false,false,39.35,"#N/A","#N/A","#N/A","#N/A",39.35,false,false,3.0,"#N/A","#N/A",1.0,Component,false,39.35,"#N/A","#N/A","#N/A","#N/A","#N/A",39.35,"#N/A","#N/A",false,01u8c00000HCEXMAA5,false,List,"#N/A",eab4bfd0-bc02-4689-b69d-885807610d62,One-time,1.0,39.35,39.35,1.0,880c450f-dd6c-4ac0-89d1-99678282b108,39.35,false,"#N/A",bb5e02cb-e122-48a6-b737-9a2766e4cbc4,"#N/A","#N/A","#N/A","#N/A","#N/A","#N/A",39.35,"#N/A","#N/A",List,"#N/A","#N/A","#N/A",Quote,"#N/A","#N/A",One-time,"#N/A",false,"#N/A","#N/A","#N/A","#N/A","#N/A","#N/A",0.0,0.0,"#N/A"
06182e8c-731a-4475-8bd8-332b08b2cf7d,"#N/A","#N/A",false,"#N/A","#N/A","#N/A","#N/A",false,1.0,false,false,"#N/A","#N/A",false,"#N/A","#N/A","#N/A",false,"#N/A",false,"#N/A",false,"#N/A",33.45,1.0,11 Gallon Bag in Box Syrup- Recurring,"#N/A","#N/A","#N/A","#N/A","#N/A",a2s8c000000mGCbAAM,"#N/A","#N/A",false,"#N/A","#N/A","#N/A","#N/A","#N/A",false,false,false,33.45,"#N/A","#N/A","#N/A","#N/A",33.45,false,false,8.0,"#N/A","#N/A",1.0,Component,false,33.45,"#N/A","#N/A","#N/A","#N/A","#N/A",33.45,"#N/A","#N/A",false,01u8c00000HCEXJAA5,false,List,"#N/A",7475e02e-b00f-401e-ac96-011eae5285ab,Renewable,1.0,33.45,33.45,1.0,d5a5ba15-3fcb-4d1c-bfed-3031c4fdbd64,33.45,false,"#N/A",2815823d-dc2f-4fa0-adbe-faeb6c6e31c9,"#N/A","#N/A","#N/A","#N/A","#N/A","#N/A",33.45,"#N/A","#N/A",List,"#N/A","#N/A",Fixed Price,Quote,"#N/A","#N/A",Renewable,"#N/A",false,"#N/A","#N/A","#N/A","#N/A","#N/A","#N/A",0.0,0.0,"#N/A"
0690c2dc-2144-401e-a806-bada2203c142,"#N/A","#N/A",false,"#N/A","#N/A","#N/A","#N/A",false,1.0,false,false,"#N/A","#N/A",false,"#N/A","#N/A","#N/A",false,"#N/A",false,"#N/A",false,"#N/A",28.43,1.0,6 Gallon Bag in Box Syrup- Recurring,"#N/A","#N/A","#N/A",15.0,"#N/A",a2s8c000000mGCbAAM,"#N/A","#N/A",false,"#N/A","#N/A","#N/A","#N/A","#N/A",false,false,false,33.45,"#N/A","#N/A","#N/A","#N/A",28.43,false,false,6.0,"#N/A","#N/A",1.0,Component,false,33.45,"#N/A","#N/A","#N/A","#N/A","#N/A",28.43,"#N/A","#N/A",false,01u8c00000HCEXHAA5,false,List,"#N/A",b521d87a-d4aa-4d25-a220-721ea64b6dc7,Renewable,1.0,33.45,33.45,1.0,f81c6818-db89-4e3f-9c5a-ffff0062495a,33.45,false,"#N/A",789180ec-6b2d-4838-85eb-0f5d0b869a55,"#N/A","#N/A","#N/A","#N/A","#N/A","#N/A",33.45,"#N/A","#N/A",List,"#N/A","#N/A",Fixed Price,Quote,"#N/A","#N/A",Renewable,"#N/A",false,"#N/A","#N/A","#N/A","#N/A","#N/A","#N/A",0.0,0.0,"#N/A"
0c62a933-910f-40c6-884a-b20bc09cdffd,"#N/A","#N/A",false,"#N/A","#N/A","#N/A","#N/A",false,1.0,false,false,"#N/A","#N/A",false,"#N/A","#N/A","#N/A",false,"#N/A",false,"#N/A",false,"#N/A",14.99,"#N/A",1 24-count Box of K-Cups Pods- One time,"#N/A","#N/A","#N/A","#N/A","#N/A",a2s8c000000mGCcAAM,"#N/A","#N/A",false,"#N/A","#N/A","#N/A","#N/A","#N/A",false,false,false,14.99,"#N/A","#N/A","#N/A","#N/A",14.99,false,false,5.0,"#N/A","#N/A",1.0,Component,false,14.99,"#N/A","#N/A","#N/A","#N/A","#N/A",14.99,"#N/A","#N/A",false,01u8c00000HCEYGAA5,false,List,"#N/A",f25daa46-8ac4-4bb1-96ad-08c54bccd362,One-time,1.0,14.99,14.99,1.0,8d8e0728-7404-47a3-a30c-7b8f468084a8,14.99,false,"#N/A",cb5a03d1-8ad3-413c-ac2e-5e6121d6b4be,"#N/A","#N/A","#N/A","#N/A","#N/A","#N/A",14.99,"#N/A","#N/A",List,"#N/A","#N/A","#N/A",Quote,"#N/A","#N/A",One-time,"#N/A",false,"#N/A","#N/A","#N/A","#N/A","#N/A","#N/A",0.0,0.0,"#N/A"
1473ecf5-3253-443f-b145-3cd281ad7536,"#N/A","#N/A",false,"#N/A","#N/A","#N/A","#N/A",false,"#N/A",false,false,"#N/A","#N/A",false,"#N/A","#N/A","#N/A",false,"#N/A",false,"#N/A",false,"#N/A",1030.4,"#N/A",Personal Cloud Stoarge,"#N/A","#N/A","#N/A","#N/A","#N/A","#N/A","#N/A","#N/A",false,"#N/A","#N/A","#N/A","#N/A","#N/A",false,false,false,1288.0,"#N/A","#N/A","#N/A","#N/A",1030.4,false,false,1.0,"#N/A","#N/A","#N/A","#N/A",false,1288.0,"#N/A","#N/A","#N/A","#N/A","#N/A",1030.4,"#N/A","#N/A",false,01u8c00000HCEXkAAP,false,List,"#N/A","#N/A",Renewable,1.0,1288.0,1288.0,1.0,f0901f2b-98d8-43b2-8c00-2b5ee686faf5,1288.0,false,"#N/A","#N/A","#N/A","#N/A","#N/A","#N/A","#N/A","#N/A",1288.0,"#N/A","#N/A",List,"#N/A","#N/A","#N/A",Quote,"#N/A","#N/A",Renewable,"#N/A",false,"#N/A","#N/A","#N/A","#N/A","#N/A","#N/A",0.0,0.0,"#N/A"
1876228b-b700-44e3-9493-09acb8188074,"#N/A","#N/A",false,"#N/A","#N/A","#N/A","#N/A",false,1.0,false,false,"#N/A","#N/A",false,"#N/A","#N/A","#N/A",false,"#N/A",false,"#N/A",false,"#N/A",35.42,"#N/A",10 Gallon Bag in Box Syrup- One time,"#N/A","#N/A","#N/A",10.0,"#N/A",a2s8c000000mGCbAAM,"#N/A","#N/A",false,"#N/A","#N/A","#N/A","#N/A","#N/A",false,false,false,39.35,"#N/A","#N/A","#N/A","#N/A",35.42,false,false,2.0,"#N/A","#N/A",1.0,Component,false,39.35,"#N/A","#N/A","#N/A","#N/A","#N/A",35.42,"#N/A","#N/A",false,01u8c00000HCEYCAA5,false,List,"#N/A",4d5dd54f-b3e1-447e-9e4b-2764d42d0e56,One-time,1.0,39.35,39.35,1.0,880c450f-dd6c-4ac0-89d1-99678282b108,39.35,false,"#N/A",bb5e02cb-e122-48a6-b737-9a2766e4cbc4,"#N/A","#N/A","#N/A","#N/A","#N/A","#N/A",39.35,"#N/A","#N/A",List,"#N/A","#N/A","#N/A",Quote,"#N/A","#N/A",One-time,"#N/A",false,"#N/A","#N/A","#N/A","#N/A","#N/A","#N/A",0.0,0.0,"#N/A"
1eb91f52-4025-4d24-bc52-c62c7eb40ec0,"#N/A","#N/A",false,"#N/A","#N/A","#N/A","#N/A",false,1.0,false,false,"#N/A","#N/A",false,"#N/A","#N/A","#N/A",false,"#N/A",false,"#N/A",false,"#N/A",14.24,"#N/A",1 24-count Box of K-Cups Pods- One time,"#N/A","#N/A","#N/A",5.0,"#N/A",a2s8c000000mGCcAAM,"#N/A","#N/A",false,"#N/A","#N/A","#N/A","#N/A","#N/A",false,false,false,14.99,"#N/A","#N/A","#N/A","#N/A",14.24,false,false,5.0,"#N/A","#N/A",1.0,Component,false,14.99,"#N/A","#N/A","#N/A","#N/A","#N/A",14.24,"#N/A","#N/A",false,01u8c00000HCEYGAA5,false,List,"#N/A",5ed93efb-643f-4161-aa14-93f9753776b4,One-time,1.0,14.99,14.99,1.0,227c7745-e028-4ecb-a675-a9fbc7375acf,14.99,false,"#N/A",c1afbdd2-aa3b-41d3-9f6b-ca4301149dfb,"#N/A","#N/A","#N/A","#N/A","#N/A","#N/A",14.99,"#N/A","#N/A",List,"#N/A","#N/A","#N/A",Quote,"#N/A","#N/A",One-time,"#N/A",false,"#N/A","#N/A","#N/A","#N/A","#N/A","#N/A",0.0,0.0,"#N/A"
232e4f38-2fbf-4ec2-a8c7-288e7ffc2f34,"#N/A","#N/A",false,"#N/A","#N/A","#N/A","#N/A",false,1.0,false,false,"#N/A","#N/A",false,"#N/A","#N/A","#N/A",false,"#N/A",false,"#N/A",false,"#N/A",33.45,1.0,11 Gallon Bag in Box Syrup- Recurring,"#N/A","#N/A","#N/A","#N/A","#N/A",a2s8c000000mGCbAAM,"#N/A","#N/A",false,"#N/A","#N/A","#N/A","#N/A","#N/A",false,false,false,33.45,"#N/A","#N/A","#N/A","#N/A",33.45,false,false,5.0,"#N/A","#N/A",1.0,Component,false,33.45,"#N/A","#N/A","#N/A","#N/A","#N/A",33.45,"#N/A","#N/A",false,01u8c00000HCEXJAA5,false,List,"#N/A",7475e02e-b00f-401e-ac96-011eae5285ab,Renewable,1.0,33.45,33.45,1.0,f81c6818-db89-4e3f-9c5a-ffff0062495a,33.45,false,"#N/A",789180ec-6b2d-4838-85eb-0f5d0b869a55,"#N/A","#N/A","#N/A","#N/A","#N/A","#N/A",33.45,"#N/A","#N/A",List,"#N/A","#N/A",Fixed Price,Quote,"#N/A","#N/A",Renewable,"#N/A",false,"#N/A","#N/A","#N/A","#N/A","#N/A","#N/A",0.0,0.0,"#N/A"
2815823d-dc2f-4fa0-adbe-faeb6c6e31c9,"#N/A","#N/A",false,"#N/A","#N/A","#N/A","#N/A",true,"#N/A",false,false,"#N/A",0.0,false,3411.8,"#N/A",3411.8,false,"#N/A",false,"#N/A",false,"#N/A",0.0,"#N/A","#N/A","#N/A","#N/A","#N/A","#N/A","#N/A","#N/A","#N/A","#N/A",false,"#N/A","#N/A","#N/A","#N/A","#N/A",false,false,false,0.0,"#N/A","#N/A","#N/A","#N/A",0.0,false,false,7.0,"#N/A","#N/A","#N/A","#N/A",false,0.0,"#N/A","#N/A","#N/A","#N/A","#N/A",0.0,"#N/A","#N/A",false,01u8c00000HCEXGAA5,false,List,"#N/A","#N/A",One-time,1.0,0.0,0.0,1.0,d5a5ba15-3fcb-4d1c-bfed-3031c4fdbd64,0.0,false,"#N/A","#N/A","#N/A","#N/A","#N/A","#N/A","#N/A","#N/A",0.0,"#N/A","#N/A",List,"#N/A","#N/A","#N/A",Quote,"#N/A","#N/A",One-time,"#N/A",false,"#N/A","#N/A","#N/A","#N/A","#N/A","#N/A",0.0,0.0,"#N/A"
2865f3ba-3148-4a29-9886-1c3a5b9208f6,"#N/A","#N/A",false,"#N/A","#N/A","#N/A","#N/A",false,1.0,false,false,"#N/A","#N/A",false,"#N/A","#N/A","#N/A",false,"#N/A",false,"#N/A",false,"#N/A",30.11,1.0,9 Gallon Bag in Box Syrup- Recurring,"#N/A","#N/A","#N/A",10.0,"#N/A",a2s8c000000mGCbAAM,"#N/A","#N/A",false,"#N/A","#N/A","#N/A","#N/A","#N/A",false,false,false,33.45,"#N/A","#N/A","#N/A","#N/A",30.11,false,false,3.0,"#N/A","#N/A",1.0,Component,false,33.45,"#N/A","#N/A","#N/A","#N/A","#N/A",30.11,"#N/A","#N/A",false,01u8c00000HCEXIAA5,false,List,"#N/A",93bff870-e1a5-43e5-b7ea-127df07a9f01,Renewable,1.0,33.45,33.45,1.0,d5a5ba15-3fcb-4d1c-bfed-3031c4fdbd64,33.45,false,"#N/A",2f574881-44e1-475c-aa7e-82ae6c6c05f9,"#N/A","#N/A","#N/A","#N/A","#N/A","#N/A",33.45,"#N/A","#N/A",List,"#N/A","#N/A",Fixed Price,Quote,"#N/A","#N/A",Renewable,"#N/A",false,"#N/A","#N/A","#N/A","#N/A","#N/A","#N/A",0.0,0.0,"#N/A"
2ef2b4f8-748f-4376-ac5f-f04e8b066b85,"#N/A","#N/A",false,"#N/A","#N/A","#N/A","#N/A",false,1.0,false,false,"#N/A","#N/A",false,"#N/A","#N/A","#N/A",false,"#N/A",false,"#N/A",false,"#N/A",33.45,1.0,11 Gallon Bag in Box Syrup- Recurring,"#N/A","#N/A","#N/A","#N/A","#N/A",a2s8c000000mGCbAAM,"#N/A","#N/A",false,"#N/A","#N/A","#N/A","#N/A","#N/A",false,false,false,33.45,"#N/A","#N/A","#N/A","#N/A",33.45,false,false,4.0,"#N/A","#N/A",1.0,Component,false,33.45,"#N/A","#N/A","#N/A","#N/A","#N/A",33.45,"#N/A","#N/A",false,01u8c00000HCEXJAA5,false,List,"#N/A",7475e02e-b00f-401e-ac96-011eae5285ab,Renewable,1.0,33.45,33.45,1.0,d5a5ba15-3fcb-4d1c-bfed-3031c4fdbd64,33.45,false,"#N/A",2f574881-44e1-475c-aa7e-82ae6c6c05f9,"#N/A","#N/A","#N/A","#N/A","#N/A","#N/A",33.45,"#N/A","#N/A",List,"#N/A","#N/A",Fixed Price,Quote,"#N/A","#N/A",Renewable,"#N/A",false,"#N/A","#N/A","#N/A","#N/A","#N/A","#N/A",0.0,0.0,"#N/A"
2f574881-44e1-475c-aa7e-82ae6c6c05f9,"#N/A","#N/A",false,"#N/A","#N/A","#N/A","#N/A",true,"#N/A",false,false,"#N/A",0.0,false,3439.35,"#N/A",3406.01,false,"#N/A",false,"#N/A",false,"#N/A",0.0,"#N/A","#N/A","#N/A","#N/A","#N/A","#N/A","#N/A","#N/A","#N/A","#N/A",false,"#N/A","#N/A","#N/A","#N/A","#N/A",false,false,false,0.0,"#N/A","#N/A","#N/A","#N/A",0.0,false,false,1.0,"#N/A","#N/A","#N/A","#N/A",false,0.0,"#N/A","#N/A","#N/A","#N/A","#N/A",0.0,"#N/A","#N/A",false,01u8c00000HCEXGAA5,false,List,"#N/A","#N/A",One-time,1.0,0.0,0.0,1.0,d5a5ba15-3fcb-4d1c-bfed-3031c4fdbd64,0.0,false,"#N/A","#N/A","#N/A","#N/A","#N/A","#N/A","#N/A","#N/A",0.0,"#N/A","#N/A",List,"#N/A","#N/A","#N/A",Quote,"#N/A","#N/A",One-time,"#N/A",false,"#N/A","#N/A","#N/A","#N/A","#N/A","#N/A",0.0,0.0,"#N/A"
2fb8dd74-ef21-4ff0-8083-68d46c85fce5,"#N/A","#N/A",false,"#N/A","#N/A","#N/A","#N/A",false,1.0,false,false,"#N/A","#N/A",false,"#N/A","#N/A","#N/A",false,"#N/A",false,"#N/A",false,"#N/A",39.35,"#N/A",9 Gallon Bag in Box Syrup- One time,"#N/A","#N/A","#N/A","#N/A","#N/A",a2s8c000000mGCbAAM,"#N/A","#N/A",false,"#N/A","#N/A","#N/A","#N/A","#N/A",false,false,false,39.35,"#N/A","#N/A","#N/A","#N/A",39.35,false,false,6.0,"#N/A","#N/A",1.0,Component,false,39.35,"#N/A","#N/A","#N/A","#N/A","#N/A",39.35,"#N/A","#N/A",false,01u8c00000HCEYBAA5,false,List,"#N/A",9ce0725e-f40f-4306-8f2e-0685c69a1b29,One-time,1.0,39.35,39.35,1.0,67d81699-787b-42b4-8455-8026dfe1f084,39.35,false,"#N/A",8d4ab54b-f116-4419-b653-c3fc5b43c083,"#N/A","#N/A","#N/A","#N/A","#N/A","#N/A",39.35,"#N/A","#N/A",List,"#N/A","#N/A","#N/A",Quote,"#N/A","#N/A",One-time,"#N/A",false,"#N/A","#N/A","#N/A","#N/A","#N/A","#N/A",0.0,0.0,"#N/A"
30eeca8e-76a5-42bd-aa8b-82beae543ccf,"#N/A","#N/A",false,"#N/A","#N/A","#N/A","#N/A",false,1.0,false,false,"#N/A","#N/A",false,"#N/A","#N/A","#N/A",false,"#N/A",false,"#N/A",false,"#N/A",33.45,1.0,6 Gallon Bag in Box Syrup- Recurring,"#N/A","#N/A","#N/A","#N/A","#N/A",a2s8c000000mGCbAAM,"#N/A","#N/A",false,"#N/A","#N/A","#N/A","#N/A","#N/A",false,false,false,33.45,"#N/A","#N/A","#N/A","#N/A",33.45,false,false,2.0,"#N/A","#N/A",1.0,Component,false,33.45,"#N/A","#N/A","#N/A","#N/A","#N/A",33.45,"#N/A","#N/A",false,01u8c00000HCEXHAA5,false,List,"#N/A",b521d87a-d4aa-4d25-a220-721ea64b6dc7,Renewable,1.0,33.45,33.45,1.0,d5a5ba15-3fcb-4d1c-bfed-3031c4fdbd64,33.45,false,"#N/A",2f574881-44e1-475c-aa7e-82ae6c6c05f9,"#N/A","#N/A","#N/A","#N/A","#N/A","#N/A",33.45,"#N/A","#N/A",List,"#N/A","#N/A",Fixed Price,Quote,"#N/A","#N/A",Renewable,"#N/A",false,"#N/A","#N/A","#N/A","#N/A","#N/A","#N/A",0.0,0.0,"#N/A"
35bccdb6-e3c6-49b5-a365-d085ce8cca9b,"#N/A","#N/A",false,"#N/A","#N/A","#N/A","#N/A",false,1.0,false,false,"#N/A","#N/A",false,"#N/A","#N/A","#N/A",false,"#N/A",false,"#N/A",false,"#N/A",39.35,"#N/A",10 Gallon Bag in Box Syrup- One time,"#N/A","#N/A","#N/A","#N/A","#N/A",a2s8c000000mGCbAAM,"#N/A","#N/A",false,"#N/A","#N/A","#N/A","#N/A","#N/A",false,false,false,39.35,"#N/A","#N/A","#N/A","#N/A",39.35,false,false,2.0,"#N/A","#N/A",1.0,Component,false,39.35,"#N/A","#N/A","#N/A","#N/A","#N/A",39.35,"#N/A","#N/A",false,01u8c00000HCEYCAA5,false,List,"#N/A",4d5dd54f-b3e1-447e-9e4b-2764d42d0e56,One-time,1.0,39.35,39.35,1.0,67d81699-787b-42b4-8455-8026dfe1f084,39.35,false,"#N/A",8d4ab54b-f116-4419-b653-c3fc5b43c083,"#N/A","#N/A","#N/A","#N/A","#N/A","#N/A",39.35,"#N/A","#N/A",List,"#N/A","#N/A","#N/A",Quote,"#N/A","#N/A",One-time,"#N/A",false,"#N/A","#N/A","#N/A","#N/A","#N/A","#N/A",0.0,0.0,"#N/A"
38ae1853-6764-4e06-aa8d-74eb97c30c1d,"#N/A","#N/A",false,"#N/A","#N/A","#N/A","#N/A",false,1.0,false,false,"#N/A","#N/A",false,"#N/A","#N/A","#N/A",false,"#N/A",false,"#N/A",false,"#N/A",359.99,"#N/A",Fully programmable coffee maker with an interactive touch-screen that allows for a customizable brewing experience.<br>Includes Direct Plumb Kit Accessory,"#N/A","#N/A","#N/A","#N/A","#N/A",a2s8c000000mGCfAAM,"#N/A","#N/A",false,"#N/A","#N/A","#N/A","#N/A","#N/A",false,false,false,359.99,"#N/A","#N/A","#N/A","#N/A",359.99,false,false,7.0,"#N/A","#N/A",1.0,Component,false,359.99,"#N/A","#N/A","#N/A","#N/A","#N/A",359.99,"#N/A","#N/A",false,01u8c00000HCEY6AAP,false,List,"#N/A",1ba13e1b-ec23-4d98-9255-5ce77408d4b8,One-time,1.0,359.99,359.99,1.0,8d8e0728-7404-47a3-a30c-7b8f468084a8,359.99,false,"#N/A",cb5a03d1-8ad3-413c-ac2e-5e6121d6b4be,"#N/A","#N/A","#N/A","#N/A","#N/A","#N/A",359.99,"#N/A","#N/A",List,"#N/A","#N/A","#N/A",Quote,"#N/A","#N/A",One-time,"#N/A",false,"#N/A","#N/A","#N/A","#N/A","#N/A","#N/A",0.0,0.0,"#N/A"
3e568b2b-58d3-4d48-8617-55d0380f9fb5,"#N/A","#N/A",false,"#N/A","#N/A","#N/A","#N/A",false,1.0,false,false,"#N/A","#N/A",false,"#N/A","#N/A","#N/A",false,"#N/A",false,"#N/A",false,"#N/A",354.99,"#N/A","Forces CO2 into water to create carbonation for sodas<br>No need to turn off CO2 or water to service; maintain electronics without depressurizing the tank<br>115V, 1/3 hp, 1725 RPM motor","#N/A","#N/A","#N/A","#N/A","#N/A",a2s8c000000mGCgAAM,"#N/A","#N/A",false,"#N/A","#N/A","#N/A","#N/A","#N/A",false,false,false,354.99,"#N/A","#N/A","#N/A","#N/A",354.99,false,false,8.0,"#N/A","#N/A",1.0,Component,false,354.99,"#N/A","#N/A","#N/A","#N/A","#N/A",354.99,"#N/A","#N/A",false,01u8c00000HCEY4AAP,false,List,"#N/A",b41b9095-950b-4bfe-80cb-f266890970ac,One-time,1.0,354.99,354.99,1.0,f81c6818-db89-4e3f-9c5a-ffff0062495a,354.99,false,"#N/A",789180ec-6b2d-4838-85eb-0f5d0b869a55,"#N/A","#N/A","#N/A","#N/A","#N/A","#N/A",354.99,"#N/A","#N/A",List,"#N/A","#N/A","#N/A",Quote,"#N/A","#N/A",One-time,"#N/A",false,"#N/A","#N/A","#N/A","#N/A","#N/A","#N/A",0.0,0.0,"#N/A"
419c8661-0713-42b3-91b5-693e54592053,"#N/A","#N/A",false,"#N/A","#N/A","#N/A","#N/A",false,"#N/A",false,false,"#N/A","#N/A",false,"#N/A","#N/A","#N/A",false,"#N/A",false,"#N/A",false,"#N/A",560.0,"#N/A",Business Plus Cloud Storage,"#N/A","#N/A","#N/A",30.0,"#N/A","#N/A","#N/A","#N/A",false,"#N/A","#N/A","#N/A","#N/A","#N/A",false,false,false,800.0,"#N/A","#N/A","#N/A","#N/A",560.0,false,false,1.0,"#N/A","#N/A","#N/A","#N/A",false,800.0,"#N/A","#N/A","#N/A","#N/A","#N/A",560.0,"#N/A","#N/A",false,01u8c00000GqdRmAAJ,false,List,"#N/A","#N/A","#N/A",1.0,800.0,800.0,10.0,ef91efc3-bc45-433a-990a-6fe515244d35,800.0,false,"#N/A","#N/A","#N/A","#N/A","#N/A","#N/A","#N/A","#N/A",800.0,"#N/A","#N/A","#N/A","#N/A","#N/A","#N/A",Quote,"#N/A","#N/A","#N/A","#N/A",false,"#N/A","#N/A","#N/A","#N/A","#N/A","#N/A",0.0,0.0,"#N/A"
433c817c-db56-42eb-8eac-8fe28a76fee3,"#N/A","#N/A",false,"#N/A","#N/A","#N/A","#N/A",false,1.0,false,false,"#N/A","#N/A",false,"#N/A","#N/A","#N/A",false,"#N/A",false,"#N/A",false,"#N/A",3189.0,"#N/A",10 Flomatic valves to dispense an assortment of beverages. <br>Ice dispenser holds 200lb of ice.,"#N/A","#N/A","#N/A","#N/A","#N/A",a2s8c000000mGCgAAM,"#N/A","#N/A",false,"#N/A","#N/A","#N/A","#N/A","#N/A",false,false,false,3189.0,"#N/A","#N/A","#N/A","#N/A",3189.0,false,false,9.0,"#N/A","#N/A",1.0,Component,false,3189.0,"#N/A","#N/A","#N/A","#N/A","#N/A",3189.0,"#N/A","#N/A",false,01u8c00000HCEXLAA5,false,List,"#N/A",0f3db561-ec1a-419c-b3bc-b5c7cdad258f,One-time,1.0,3189.0,3189.0,1.0,f81c6818-db89-4e3f-9c5a-ffff0062495a,3189.0,false,"#N/A",789180ec-6b2d-4838-85eb-0f5d0b869a55,"#N/A","#N/A","#N/A","#N/A","#N/A","#N/A",3189.0,"#N/A","#N/A",List,"#N/A","#N/A","#N/A",Quote,"#N/A","#N/A",One-time,"#N/A",false,"#N/A","#N/A","#N/A","#N/A","#N/A","#N/A",0.0,0.0,"#N/A"
4511b258-1d27-4c91-8314-029228740dce,"#N/A","#N/A",false,"#N/A","#N/A","#N/A","#N/A",false,1.0,false,false,"#N/A","#N/A",false,"#N/A","#N/A","#N/A",false,"#N/A",false,"#N/A",false,"#N/A",3189.0,"#N/A",10 Flomatic valves to dispense an assortment of beverages. <br>Ice dispenser holds 200lb of ice.,"#N/A","#N/A","#N/A","#N/A","#N/A",a2s8c000000mGCgAAM,"#N/A","#N/A",false,"#N/A","#N/A","#N/A","#N/A","#N/A",false,false,false,3189.0,"#N/A","#N/A","#N/A","#N/A",3189.0,false,false,11.0,"#N/A","#N/A",1.0,Component,false,3189.0,"#N/A","#N/A","#N/A","#N/A","#N/A",3189.0,"#N/A","#N/A",false,01u8c00000HCEXLAA5,false,List,"#N/A",0f3db561-ec1a-419c-b3bc-b5c7cdad258f,One-time,1.0,3189.0,3189.0,1.0,d5a5ba15-3fcb-4d1c-bfed-3031c4fdbd64,3189.0,false,"#N/A",2815823d-dc2f-4fa0-adbe-faeb6c6e31c9,"#N/A","#N/A","#N/A","#N/A","#N/A","#N/A",3189.0,"#N/A","#N/A",List,"#N/A","#N/A","#N/A",Quote,"#N/A","#N/A",One-time,"#N/A",false,"#N/A","#N/A","#N/A","#N/A","#N/A","#N/A",0.0,0.0,"#N/A"
4a7e6806-b13f-457c-9cd4-89bb5ec0ef12,"#N/A","#N/A",false,"#N/A","#N/A","#N/A","#N/A",true,"#N/A",false,false,"#N/A",0.0,false,834.89,"#N/A",722.64,false,"#N/A",false,"#N/A",false,"#N/A",0.0,"#N/A","#N/A","#N/A","#N/A","#N/A","#N/A","#N/A","#N/A","#N/A","#N/A",false,"#N/A","#N/A","#N/A","#N/A","#N/A",false,false,false,0.0,"#N/A","#N/A","#N/A","#N/A",0.0,false,false,1.0,"#N/A","#N/A","#N/A","#N/A",false,0.0,"#N/A","#N/A","#N/A","#N/A","#N/A",0.0,"#N/A","#N/A",false,01u8c00000HCEYLAA5,false,List,"#N/A","#N/A",One-time,1.0,0.0,0.0,1.0,9ba6e6e3-c8b3-41ad-8aca-01c1c5920491,0.0,false,"#N/A","#N/A","#N/A","#N/A","#N/A","#N/A","#N/A","#N/A",0.0,"#N/A","#N/A",List,"#N/A","#N/A","#N/A",Quote,"#N/A","#N/A",One-time,"#N/A",false,"#N/A","#N/A","#N/A","#N/A","#N/A","#N/A",0.0,0.0,"#N/A"
4b88e0a0-c438-4567-a7f8-b0bc2cf4a701,"#N/A","#N/A",false,"#N/A","#N/A","#N/A","#N/A",false,1.0,false,false,"#N/A","#N/A",false,"#N/A","#N/A","#N/A",false,"#N/A",false,"#N/A",false,"#N/A",14.99,"#N/A",1 24-count Box of K-Cups Pods- One time,"#N/A","#N/A","#N/A","#N/A","#N/A",a2s8c000000mGCcAAM,"#N/A","#N/A",false,"#N/A","#N/A","#N/A","#N/A","#N/A",false,false,false,14.99,"#N/A","#N/A","#N/A","#N/A",14.99,false,false,4.0,"#N/A","#N/A",1.0,Component,false,14.99,"#N/A","#N/A","#N/A","#N/A","#N/A",14.99,"#N/A","#N/A",false,01u8c00000HCEYHAA5,false,List,"#N/A",a700756e-d04b-4cea-9bf0-bb8d67e56a7e,One-time,1.0,14.99,14.99,1.0,8d8e0728-7404-47a3-a30c-7b8f468084a8,14.99,false,"#N/A",cb5a03d1-8ad3-413c-ac2e-5e6121d6b4be,"#N/A","#N/A","#N/A","#N/A","#N/A","#N/A",14.99,"#N/A","#N/A",List,"#N/A","#N/A","#N/A",Quote,"#N/A","#N/A",One-time,"#N/A",false,"#N/A","#N/A","#N/A","#N/A","#N/A","#N/A",0.0,0.0,"#N/A"
51f78b87-fbe8-4ccd-8677-15ed37b51a7e,"#N/A","#N/A",false,"#N/A","#N/A","#N/A","#N/A",false,1.0,false,false,"#N/A","#N/A",false,"#N/A","#N/A","#N/A",false,"#N/A",false,"#N/A",false,"#N/A",39.35,"#N/A",12 Gallon Bag in Box Syrup- One time,"#N/A","#N/A","#N/A","#N/A","#N/A",a2s8c000000mGCbAAM,"#N/A","#N/A",false,"#N/A","#N/A","#N/A","#N/A","#N/A",false,false,false,39.35,"#N/A","#N/A","#N/A","#N/A",39.35,false,false,3.0,"#N/A","#N/A",1.0,Component,false,39.35,"#N/A","#N/A","#N/A","#N/A","#N/A",39.35,"#N/A","#N/A",false,01u8c00000HCEXMAA5,false,List,"#N/A",eab4bfd0-bc02-4689-b69d-885807610d62,One-time,1.0,39.35,39.35,1.0,67d81699-787b-42b4-8455-8026dfe1f084,39.35,false,"#N/A",8d4ab54b-f116-4419-b653-c3fc5b43c083,"#N/A","#N/A","#N/A","#N/A","#N/A","#N/A",39.35,"#N/A","#N/A",List,"#N/A","#N/A","#N/A",Quote,"#N/A","#N/A",One-time,"#N/A",false,"#N/A","#N/A","#N/A","#N/A","#N/A","#N/A",0.0,0.0,"#N/A"
54c04ead-bdcd-4bce-b07f-dc99ecbf4a4f,"#N/A","#N/A",false,"#N/A","#N/A","#N/A","#N/A",false,1.0,false,false,"#N/A","#N/A",false,"#N/A","#N/A","#N/A",false,"#N/A",false,"#N/A",false,"#N/A",14.99,"#N/A",1 24-count Box of K-Cups Pods- One time,"#N/A","#N/A","#N/A","#N/A","#N/A",a2s8c000000mGKsAAM,"#N/A","#N/A",false,"#N/A","#N/A","#N/A","#N/A","#N/A",false,false,false,14.99,"#N/A","#N/A","#N/A","#N/A",14.99,false,false,3.0,"#N/A","#N/A",1.0,Component,false,14.99,"#N/A","#N/A","#N/A","#N/A","#N/A",14.99,"#N/A","#N/A",false,01u8c00000GqdREAAZ,false,List,"#N/A",5e5f4365-036d-4380-afcf-25a4b0616a3c,One-time,1.0,14.99,14.99,1.0,ef91efc3-bc45-433a-990a-6fe515244d35,14.99,false,"#N/A",695ee962-2bbf-41fb-a3d7-e707fde5758b,"#N/A","#N/A","#N/A","#N/A","#N/A","#N/A",14.99,"#N/A","#N/A",List,"#N/A","#N/A","#N/A",Quote,"#N/A","#N/A",One-time,"#N/A",false,"#N/A","#N/A","#N/A","#N/A","#N/A","#N/A",0.0,0.0,"#N/A"
55851b88-d8f3-4efc-86f8-a12d7f09c221,"#N/A","#N/A",false,"#N/A","#N/A","#N/A","#N/A",false,1.0,false,false,"#N/A","#N/A",false,"#N/A","#N/A","#N/A",false,"#N/A",false,"#N/A",false,"#N/A",121.42,"#N/A",8 24-count Boxes of our best selling blends.- One time,"#N/A","#N/A","#N/A","#N/A","#N/A",a2s8c000000mGCcAAM,"#N/A","#N/A",false,"#N/A","#N/A","#N/A","#N/A","#N/A",false,false,false,121.42,"#N/A","#N/A","#N/A","#N/A",121.42,false,false,2.0,"#N/A","#N/A",1.0,Component,false,121.42,"#N/A","#N/A","#N/A","#N/A","#N/A",121.42,"#N/A","#N/A",false,01u8c00000HCEYEAA5,false,List,"#N/A",03d3d649-6a7d-4c3c-bac3-f75410a479fe,One-time,1.0,121.42,121.42,1.0,8d8e0728-7404-47a3-a30c-7b8f468084a8,121.42,false,"#N/A",cb5a03d1-8ad3-413c-ac2e-5e6121d6b4be,"#N/A","#N/A","#N/A","#N/A","#N/A","#N/A",121.42,"#N/A","#N/A",List,"#N/A","#N/A","#N/A",Quote,"#N/A","#N/A",One-time,"#N/A",false,"#N/A","#N/A","#N/A","#N/A","#N/A","#N/A",0.0,0.0,"#N/A"
695ba964-a70f-441d-b357-aaa268c5d30d,"#N/A","#N/A",false,"#N/A","#N/A","#N/A","#N/A",false,1.0,false,false,"#N/A","#N/A",false,"#N/A","#N/A","#N/A",false,"#N/A",false,"#N/A",false,"#N/A",399.0,"#N/A",Consists of 10 lines bundled together<br>Each line is 3/8&quot; in diameter<br>Roll contains 100&#39; of bundled tubing,"#N/A","#N/A","#N/A","#N/A","#N/A",a2s8c000000mGCgAAM,"#N/A","#N/A",false,"#N/A","#N/A","#N/A","#N/A","#N/A",false,false,false,399.0,"#N/A","#N/A","#N/A","#N/A",399.0,false,false,11.0,"#N/A","#N/A",1.0,Component,false,399.0,"#N/A","#N/A","#N/A","#N/A","#N/A",399.0,"#N/A","#N/A",false,01u8c00000HCEY5AAP,false,List,"#N/A",8ae3f00f-558f-49f5-87b6-d1af3c03c9a9,One-time,1.0,399.0,399.0,1.0,67d81699-787b-42b4-8455-8026dfe1f084,399.0,false,"#N/A",8d4ab54b-f116-4419-b653-c3fc5b43c083,"#N/A","#N/A","#N/A","#N/A","#N/A","#N/A",399.0,"#N/A","#N/A",List,"#N/A","#N/A","#N/A",Quote,"#N/A","#N/A",One-time,"#N/A",false,"#N/A","#N/A","#N/A","#N/A","#N/A","#N/A",0.0,0.0,"#N/A"
695ee962-2bbf-41fb-a3d7-e707fde5758b,"#N/A","#N/A",false,"#N/A","#N/A","#N/A","#N/A",true,"#N/A",false,false,"#N/A",0.0,false,703.95,"#N/A",703.95,false,"#N/A",false,"#N/A",false,"#N/A",0.0,"#N/A","#N/A","#N/A","#N/A","#N/A","#N/A","#N/A","#N/A","#N/A","#N/A",false,"#N/A","#N/A","#N/A","#N/A","#N/A",false,false,false,0.0,"#N/A","#N/A","#N/A","#N/A",0.0,false,false,2.0,"#N/A","#N/A","#N/A","#N/A",false,0.0,"#N/A","#N/A","#N/A","#N/A","#N/A",0.0,"#N/A","#N/A",false,01u8c00000GqdR0AAJ,false,List,"#N/A","#N/A",One-time,1.0,0.0,0.0,1.0,ef91efc3-bc45-433a-990a-6fe515244d35,0.0,false,"#N/A","#N/A","#N/A","#N/A","#N/A","#N/A","#N/A","#N/A",0.0,"#N/A","#N/A",List,"#N/A","#N/A","#N/A",Quote,"#N/A","#N/A",One-time,"#N/A",false,"#N/A","#N/A","#N/A","#N/A","#N/A","#N/A",0.0,0.0,"#N/A"
6de7b00e-87b4-40a3-8127-69b872646052,"#N/A","#N/A",false,"#N/A","#N/A","#N/A","#N/A",false,1.0,false,false,"#N/A","#N/A",false,"#N/A","#N/A","#N/A",false,"#N/A",false,"#N/A",false,"#N/A",39.35,"#N/A",5 Gallon Bag in Box Syrup- One time,"#N/A","#N/A","#N/A","#N/A","#N/A",a2s8c000000mGCbAAM,"#N/A","#N/A",false,"#N/A","#N/A","#N/A","#N/A","#N/A",false,false,false,39.35,"#N/A","#N/A","#N/A","#N/A",39.35,false,false,7.0,"#N/A","#N/A",1.0,Component,false,39.35,"#N/A","#N/A","#N/A","#N/A","#N/A",39.35,"#N/A","#N/A",false,01u8c00000HCEXqAAP,false,List,"#N/A",114b801f-e6b5-4977-8315-6a63ed67de41,One-time,1.0,39.35,39.35,1.0,67d81699-787b-42b4-8455-8026dfe1f084,39.35,false,"#N/A",8d4ab54b-f116-4419-b653-c3fc5b43c083,"#N/A","#N/A","#N/A","#N/A","#N/A","#N/A",39.35,"#N/A","#N/A",List,"#N/A","#N/A","#N/A",Quote,"#N/A","#N/A",One-time,"#N/A",false,"#N/A","#N/A","#N/A","#N/A","#N/A","#N/A",0.0,0.0,"#N/A"
70026da0-28d8-4775-ae14-d16f9baad4d0,"#N/A","#N/A",false,"#N/A","#N/A","#N/A","#N/A",false,1.0,false,false,"#N/A","#N/A",false,"#N/A","#N/A","#N/A",false,"#N/A",false,"#N/A",false,"#N/A",3189.0,"#N/A",10 Flomatic valves to dispense an assortment of beverages. <br>Ice dispenser holds 200lb of ice.,"#N/A","#N/A","#N/A","#N/A","#N/A",a2s8c000000mGCgAAM,"#N/A","#N/A",false,"#N/A","#N/A","#N/A","#N/A","#N/A",false,false,false,3189.0,"#N/A","#N/A","#N/A","#N/A",3189.0,false,false,6.0,"#N/A","#N/A",1.0,Component,false,3189.0,"#N/A","#N/A","#N/A","#N/A","#N/A",3189.0,"#N/A","#N/A",false,01u8c00000HCEXLAA5,false,List,"#N/A",0f3db561-ec1a-419c-b3bc-b5c7cdad258f,One-time,1.0,3189.0,3189.0,1.0,880c450f-dd6c-4ac0-89d1-99678282b108,3189.0,false,"#N/A",bb5e02cb-e122-48a6-b737-9a2766e4cbc4,"#N/A","#N/A","#N/A","#N/A","#N/A","#N/A",3189.0,"#N/A","#N/A",List,"#N/A","#N/A","#N/A",Quote,"#N/A","#N/A",One-time,"#N/A",false,"#N/A","#N/A","#N/A","#N/A","#N/A","#N/A",0.0,0.0,"#N/A"
71014044-7277-42c6-b1e7-a3b6caf8b9cb,"#N/A","#N/A",false,"#N/A","#N/A","#N/A","#N/A",false,1.0,false,false,"#N/A","#N/A",false,"#N/A","#N/A","#N/A",false,"#N/A",false,"#N/A",false,"#N/A",449.0,"#N/A",A high capacity coffee maker designed for continuous use with direct water line plumbing.,"#N/A","#N/A","#N/A","#N/A","#N/A",a2s8c000000mGKwAAM,"#N/A","#N/A",false,"#N/A","#N/A","#N/A","#N/A","#N/A",false,false,false,449.0,"#N/A","#N/A","#N/A","#N/A",449.0,false,false,6.0,"#N/A","#N/A",1.0,Component,false,449.0,"#N/A","#N/A","#N/A","#N/A","#N/A",449.0,"#N/A","#N/A",false,01u8c00000GqdRXAAZ,false,List,"#N/A",9ee6a64c-74f5-482d-8d5f-17118c205e3d,One-time,1.0,449.0,449.0,1.0,ef91efc3-bc45-433a-990a-6fe515244d35,449.0,false,"#N/A",695ee962-2bbf-41fb-a3d7-e707fde5758b,"#N/A","#N/A","#N/A","#N/A","#N/A","#N/A",449.0,"#N/A","#N/A",List,"#N/A","#N/A","#N/A",Quote,"#N/A","#N/A",One-time,"#N/A",false,"#N/A","#N/A","#N/A","#N/A","#N/A","#N/A",0.0,0.0,"#N/A"
73a754e2-abaf-4c1b-86e1-3b1ac62ede85,"#N/A","#N/A",false,"#N/A","#N/A","#N/A","#N/A",false,1.0,false,false,"#N/A","#N/A",false,"#N/A","#N/A","#N/A",false,"#N/A",false,"#N/A",false,"#N/A",283.99,"#N/A","Forces CO2 into water to create carbonation for sodas<br>No need to turn off CO2 or water to service; maintain electronics without depressurizing the tank<br>115V, 1/3 hp, 1725 RPM motor","#N/A","#N/A","#N/A",20.0,"#N/A",a2s8c000000mGCgAAM,"#N/A","#N/A",false,"#N/A","#N/A","#N/A","#N/A","#N/A",false,false,false,354.99,"#N/A","#N/A","#N/A","#N/A",283.99,false,false,9.0,"#N/A","#N/A",1.0,Component,false,354.99,"#N/A","#N/A","#N/A","#N/A","#N/A",283.99,"#N/A","#N/A",false,01u8c00000HCEY4AAP,false,List,"#N/A",b41b9095-950b-4bfe-80cb-f266890970ac,One-time,1.0,354.99,354.99,1.0,67d81699-787b-42b4-8455-8026dfe1f084,354.99,false,"#N/A",8d4ab54b-f116-4419-b653-c3fc5b43c083,"#N/A","#N/A","#N/A","#N/A","#N/A","#N/A",354.99,"#N/A","#N/A",List,"#N/A","#N/A","#N/A",Quote,"#N/A","#N/A",One-time,"#N/A",false,"#N/A","#N/A","#N/A","#N/A","#N/A","#N/A",0.0,0.0,"#N/A"
789180ec-6b2d-4838-85eb-0f5d0b869a55,"#N/A","#N/A",false,"#N/A","#N/A","#N/A","#N/A",true,"#N/A",false,false,"#N/A",0.0,false,3867.1400000000003,"#N/A",3862.12,false,"#N/A",false,"#N/A",false,"#N/A",0.0,"#N/A","#N/A","#N/A","#N/A","#N/A","#N/A","#N/A","#N/A","#N/A","#N/A",false,"#N/A","#N/A","#N/A","#N/A","#N/A",false,false,false,0.0,"#N/A","#N/A","#N/A","#N/A",0.0,false,false,1.0,"#N/A","#N/A","#N/A","#N/A",false,0.0,"#N/A","#N/A","#N/A","#N/A","#N/A",0.0,"#N/A","#N/A",false,01u8c00000HCEXGAA5,false,List,"#N/A","#N/A",One-time,1.0,0.0,0.0,1.0,f81c6818-db89-4e3f-9c5a-ffff0062495a,0.0,false,"#N/A","#N/A","#N/A","#N/A","#N/A","#N/A","#N/A","#N/A",0.0,"#N/A","#N/A",List,"#N/A","#N/A","#N/A",Quote,"#N/A","#N/A",One-time,"#N/A",false,"#N/A","#N/A","#N/A","#N/A","#N/A","#N/A",0.0,0.0,"#N/A"
7bbb5a4e-8742-4e72-9f40-85ac6808631d,"#N/A","#N/A",false,"#N/A","#N/A","#N/A","#N/A",false,"#N/A",false,false,"#N/A","#N/A",false,"#N/A","#N/A","#N/A",false,"#N/A",false,"#N/A",false,"#N/A",640.0,"#N/A",Business Plus Cloud Storage,"#N/A","#N/A","#N/A","#N/A","#N/A","#N/A","#N/A","#N/A",false,"#N/A","#N/A","#N/A","#N/A","#N/A",false,false,false,800.0,"#N/A","#N/A","#N/A","#N/A",640.0,false,false,4.0,"#N/A","#N/A","#N/A","#N/A",false,800.0,"#N/A","#N/A","#N/A","#N/A","#N/A",640.0,"#N/A","#N/A",false,01u8c00000GqdRmAAJ,false,List,"#N/A","#N/A","#N/A",1.0,800.0,800.0,10.0,f0901f2b-98d8-43b2-8c00-2b5ee686faf5,800.0,false,"#N/A","#N/A","#N/A","#N/A","#N/A","#N/A","#N/A","#N/A",800.0,"#N/A","#N/A","#N/A","#N/A","#N/A","#N/A",Quote,"#N/A","#N/A","#N/A","#N/A",false,"#N/A","#N/A","#N/A","#N/A","#N/A","#N/A",0.0,0.0,"#N/A"
836b295b-5b3a-4031-ae11-f1565266123b,"#N/A","#N/A",false,"#N/A","#N/A","#N/A","#N/A",false,1.0,false,false,"#N/A","#N/A",false,"#N/A","#N/A","#N/A",false,"#N/A",false,"#N/A",false,"#N/A",14.99,"#N/A",1 24-count Box of K-Cups Pods- One time,"#N/A","#N/A","#N/A","#N/A","#N/A",a2s8c000000mGCcAAM,"#N/A","#N/A",false,"#N/A","#N/A","#N/A","#N/A","#N/A",false,false,false,14.99,"#N/A","#N/A","#N/A","#N/A",14.99,false,false,3.0,"#N/A","#N/A",1.0,Component,false,14.99,"#N/A","#N/A","#N/A","#N/A","#N/A",14.99,"#N/A","#N/A",false,01u8c00000HCEYJAA5,false,List,"#N/A",d143a00d-2393-481a-9c39-19d95a224c51,Renewable,1.0,14.99,14.99,1.0,8d8e0728-7404-47a3-a30c-7b8f468084a8,14.99,false,"#N/A",cb5a03d1-8ad3-413c-ac2e-5e6121d6b4be,"#N/A","#N/A","#N/A","#N/A","#N/A","#N/A",14.99,"#N/A","#N/A",List,"#N/A","#N/A","#N/A",Quote,"#N/A","#N/A",Renewable,"#N/A",false,"#N/A","#N/A","#N/A","#N/A","#N/A","#N/A",0.0,0.0,"#N/A"
8d4ab54b-f116-4419-b653-c3fc5b43c083,"#N/A","#N/A",false,"#N/A","#N/A","#N/A","#N/A",true,"#N/A",false,false,"#N/A",0.0,false,4323.1900000000005,"#N/A",4252.1900000000005,false,"#N/A",false,"#N/A",false,"#N/A",0.0,"#N/A","#N/A","#N/A","#N/A","#N/A","#N/A","#N/A","#N/A","#N/A","#N/A",false,"#N/A","#N/A","#N/A","#N/A","#N/A",false,false,false,0.0,"#N/A","#N/A","#N/A","#N/A",0.0,false,false,1.0,"#N/A","#N/A","#N/A","#N/A",false,0.0,"#N/A","#N/A","#N/A","#N/A","#N/A",0.0,"#N/A","#N/A",false,01u8c00000HCEXGAA5,false,List,"#N/A","#N/A",One-time,1.0,0.0,0.0,1.0,67d81699-787b-42b4-8455-8026dfe1f084,0.0,false,"#N/A","#N/A","#N/A","#N/A","#N/A","#N/A","#N/A","#N/A",0.0,"#N/A","#N/A",List,"#N/A","#N/A","#N/A",Quote,"#N/A","#N/A",One-time,"#N/A",false,"#N/A","#N/A","#N/A","#N/A","#N/A","#N/A",0.0,0.0,"#N/A"
91d72505-8c94-477c-9931-3cfee1eab813,"#N/A","#N/A",false,"#N/A","#N/A","#N/A","#N/A",false,1.0,false,false,"#N/A","#N/A",false,"#N/A","#N/A","#N/A",false,"#N/A",false,"#N/A",false,"#N/A",89.96,1.0,"K-Cycle™ bins are bundled in packs of five (5), for offices that brew 24 K-Cup® pods or more a day - 450 K-Cup® pods per bin. Single bins are not available.- Recurring<br> <br>EACH BIN INCLUDES<br>1. Pre-paid UPS return label affixed to bin<br>2. Pre-affixed bag and zip tie seal for brewed K-Cup® pod collection","#N/A","#N/A","#N/A","#N/A","#N/A",a2s8c000000mGCeAAM,"#N/A","#N/A",false,"#N/A","#N/A","#N/A","#N/A","#N/A",false,false,false,89.96,"#N/A","#N/A","#N/A","#N/A",89.96,false,false,6.0,"#N/A","#N/A",1.0,Component,false,89.96,"#N/A","#N/A","#N/A","#N/A","#N/A",89.96,"#N/A","#N/A",false,01u8c00000HCEXrAAP,false,List,"#N/A",b106b645-3530-4338-8d1c-cd299f150306,Renewable,1.0,89.96,89.96,1.0,9ba6e6e3-c8b3-41ad-8aca-01c1c5920491,89.96,false,"#N/A",4a7e6806-b13f-457c-9cd4-89bb5ec0ef12,"#N/A","#N/A","#N/A","#N/A","#N/A","#N/A",89.96,"#N/A","#N/A",List,"#N/A","#N/A",Fixed Price,Quote,"#N/A","#N/A",Renewable,"#N/A",false,"#N/A","#N/A","#N/A","#N/A","#N/A","#N/A",0.0,0.0,"#N/A"
9968d60b-0470-4227-8063-935aaf3e5401,"#N/A","#N/A",false,"#N/A","#N/A","#N/A","#N/A",false,1.0,false,false,"#N/A","#N/A",false,"#N/A","#N/A","#N/A",false,"#N/A",false,"#N/A",false,"#N/A",449.0,"#N/A",A high capacity coffee maker designed for continuous use with direct water line plumbing.,"#N/A","#N/A","#N/A","#N/A","#N/A",a2s8c000000mGCfAAM,"#N/A","#N/A",false,"#N/A","#N/A","#N/A","#N/A","#N/A",false,false,false,449.0,"#N/A","#N/A","#N/A","#N/A",449.0,false,false,7.0,"#N/A","#N/A",1.0,Component,false,449.0,"#N/A","#N/A","#N/A","#N/A","#N/A",449.0,"#N/A","#N/A",false,01u8c00000HCEY7AAP,false,List,"#N/A",87e7196f-25f7-4b6e-963b-2061b222c70c,One-time,1.0,449.0,449.0,1.0,227c7745-e028-4ecb-a675-a9fbc7375acf,449.0,false,"#N/A",c1afbdd2-aa3b-41d3-9f6b-ca4301149dfb,"#N/A","#N/A","#N/A","#N/A","#N/A","#N/A",449.0,"#N/A","#N/A",List,"#N/A","#N/A","#N/A",Quote,"#N/A","#N/A",One-time,"#N/A",false,"#N/A","#N/A","#N/A","#N/A","#N/A","#N/A",0.0,0.0,"#N/A"
9a5c5868-d434-485a-a7b2-cc59285fe3bf,"#N/A","#N/A",false,"#N/A","#N/A","#N/A","#N/A",false,1.0,false,false,"#N/A","#N/A",false,"#N/A","#N/A","#N/A",false,"#N/A",false,"#N/A",false,"#N/A",39.35,"#N/A",12 Gallon Bag in Box Syrup- One time,"#N/A","#N/A","#N/A","#N/A","#N/A",a2s8c000000mGCbAAM,"#N/A","#N/A",false,"#N/A","#N/A","#N/A","#N/A","#N/A",false,false,false,39.35,"#N/A","#N/A","#N/A","#N/A",39.35,false,false,9.0,"#N/A","#N/A",1.0,Component,false,39.35,"#N/A","#N/A","#N/A","#N/A","#N/A",39.35,"#N/A","#N/A",false,01u8c00000HCEXMAA5,false,List,"#N/A",eab4bfd0-bc02-4689-b69d-885807610d62,One-time,1.0,39.35,39.35,1.0,d5a5ba15-3fcb-4d1c-bfed-3031c4fdbd64,39.35,false,"#N/A",2815823d-dc2f-4fa0-adbe-faeb6c6e31c9,"#N/A","#N/A","#N/A","#N/A","#N/A","#N/A",39.35,"#N/A","#N/A",List,"#N/A","#N/A","#N/A",Quote,"#N/A","#N/A",One-time,"#N/A",false,"#N/A","#N/A","#N/A","#N/A","#N/A","#N/A",0.0,0.0,"#N/A"
9e88fb1a-7859-42c1-b649-7491d78576e2,"#N/A","#N/A",false,"#N/A","#N/A","#N/A","#N/A",false,1.0,false,false,"#N/A","#N/A",false,"#N/A","#N/A","#N/A",false,"#N/A",false,"#N/A",false,"#N/A",150.0,1.0,Regular cleaning &amp; preventative maintenance to keep your equipment operating optimally.- Recurring,"#N/A","#N/A","#N/A","#N/A","#N/A",a2s8c000000mGCdAAM,"#N/A","#N/A",false,"#N/A","#N/A","#N/A","#N/A","#N/A",false,false,false,150.0,"#N/A","#N/A","#N/A","#N/A",150.0,false,false,4.0,"#N/A","#N/A",1.0,Component,false,150.0,"#N/A","#N/A","#N/A","#N/A","#N/A",150.0,"#N/A","#N/A",false,01u8c00000HCEXKAA5,false,List,"#N/A",227b8495-960b-4c76-af10-6411c7e34d22,Renewable,1.0,150.0,150.0,1.0,880c450f-dd6c-4ac0-89d1-99678282b108,150.0,false,"#N/A",bb5e02cb-e122-48a6-b737-9a2766e4cbc4,"#N/A","#N/A","#N/A","#N/A","#N/A","#N/A",150.0,"#N/A","#N/A",List,"#N/A","#N/A",Fixed Price,Quote,"#N/A","#N/A",Renewable,"#N/A",false,"#N/A","#N/A","#N/A","#N/A","#N/A","#N/A",0.0,0.0,"#N/A"
a41e5e3e-c2aa-434c-898b-32ecd56c4667,"#N/A","#N/A",false,"#N/A","#N/A","#N/A","#N/A",false,"#N/A",false,false,"#N/A","#N/A",false,"#N/A","#N/A","#N/A",false,"#N/A",false,"#N/A",false,"#N/A",199.2,"#N/A",Business Cloud Storage,"#N/A","#N/A","#N/A","#N/A","#N/A","#N/A","#N/A","#N/A",false,"#N/A","#N/A","#N/A","#N/A","#N/A",false,false,false,249.0,"#N/A","#N/A","#N/A","#N/A",199.2,false,false,3.0,"#N/A","#N/A","#N/A","#N/A",false,249.0,"#N/A","#N/A","#N/A","#N/A","#N/A",199.2,"#N/A","#N/A",false,01u8c00000HCEXOAA5,false,List,"#N/A","#N/A",Renewable,1.0,249.0,249.0,1.0,f0901f2b-98d8-43b2-8c00-2b5ee686faf5,249.0,false,"#N/A","#N/A","#N/A","#N/A","#N/A","#N/A","#N/A","#N/A",249.0,"#N/A","#N/A",List,"#N/A","#N/A","#N/A",Quote,"#N/A","#N/A",Renewable,"#N/A",false,"#N/A","#N/A","#N/A","#N/A","#N/A","#N/A",0.0,0.0,"#N/A"
aa51a8f4-042d-4cc9-8e3e-3c78226e8eff,"#N/A","#N/A",false,"#N/A","#N/A","#N/A","#N/A",false,1.0,false,false,"#N/A","#N/A",false,"#N/A","#N/A","#N/A",false,"#N/A",false,"#N/A",false,"#N/A",14.24,"#N/A",1 24-count Box of K-Cups Pods- One time,"#N/A","#N/A","#N/A",5.0,"#N/A",a2s8c000000mGCcAAM,"#N/A","#N/A",false,"#N/A","#N/A","#N/A","#N/A","#N/A",false,false,false,14.99,"#N/A","#N/A","#N/A","#N/A",14.24,false,false,3.0,"#N/A","#N/A",1.0,Component,false,14.99,"#N/A","#N/A","#N/A","#N/A","#N/A",14.24,"#N/A","#N/A",false,01u8c00000HCEYJAA5,false,List,"#N/A",d143a00d-2393-481a-9c39-19d95a224c51,Renewable,1.0,14.99,14.99,1.0,227c7745-e028-4ecb-a675-a9fbc7375acf,14.99,false,"#N/A",c1afbdd2-aa3b-41d3-9f6b-ca4301149dfb,"#N/A","#N/A","#N/A","#N/A","#N/A","#N/A",14.99,"#N/A","#N/A",List,"#N/A","#N/A","#N/A",Quote,"#N/A","#N/A",Renewable,"#N/A",false,"#N/A","#N/A","#N/A","#N/A","#N/A","#N/A",0.0,0.0,"#N/A"
acd24ec0-613d-4bb4-a812-76e87bd18e5b,"#N/A","#N/A",false,"#N/A","#N/A","#N/A","#N/A",false,1.0,false,false,"#N/A","#N/A",false,"#N/A","#N/A","#N/A",false,"#N/A",false,"#N/A",false,"#N/A",14.24,"#N/A",1 24-count Box of K-Cups Pods- One time,"#N/A","#N/A","#N/A",5.0,"#N/A",a2s8c000000mGCcAAM,"#N/A","#N/A",false,"#N/A","#N/A","#N/A","#N/A","#N/A",false,false,false,14.99,"#N/A","#N/A","#N/A","#N/A",14.24,false,false,4.0,"#N/A","#N/A",1.0,Component,false,14.99,"#N/A","#N/A","#N/A","#N/A","#N/A",14.24,"#N/A","#N/A",false,01u8c00000HCEYHAA5,false,List,"#N/A",a700756e-d04b-4cea-9bf0-bb8d67e56a7e,One-time,1.0,14.99,14.99,1.0,227c7745-e028-4ecb-a675-a9fbc7375acf,14.99,false,"#N/A",c1afbdd2-aa3b-41d3-9f6b-ca4301149dfb,"#N/A","#N/A","#N/A","#N/A","#N/A","#N/A",14.99,"#N/A","#N/A",List,"#N/A","#N/A","#N/A",Quote,"#N/A","#N/A",One-time,"#N/A",false,"#N/A","#N/A","#N/A","#N/A","#N/A","#N/A",0.0,0.0,"#N/A"
b4c35395-760c-48ec-a421-c252b95c6ebf,"#N/A","#N/A",false,"#N/A","#N/A","#N/A","#N/A",false,1.0,false,false,"#N/A","#N/A",false,"#N/A","#N/A","#N/A",false,"#N/A",false,"#N/A",false,"#N/A",248.49,"#N/A","Forces CO2 into water to create carbonation for sodas<br>No need to turn off CO2 or water to service; maintain electronics without depressurizing the tank<br>115V, 1/3 hp, 1725 RPM motor","#N/A","#N/A","#N/A",30.0,"#N/A",a2s8c000000mGCgAAM,"#N/A","#N/A",false,"#N/A","#N/A","#N/A","#N/A","#N/A",false,false,false,354.99,"#N/A","#N/A","#N/A","#N/A",248.49,false,false,5.0,"#N/A","#N/A",1.0,Component,false,354.99,"#N/A","#N/A","#N/A","#N/A","#N/A",248.49,"#N/A","#N/A",false,01u8c00000HCEY4AAP,false,List,"#N/A",b41b9095-950b-4bfe-80cb-f266890970ac,One-time,1.0,354.99,354.99,1.0,880c450f-dd6c-4ac0-89d1-99678282b108,354.99,false,"#N/A",bb5e02cb-e122-48a6-b737-9a2766e4cbc4,"#N/A","#N/A","#N/A","#N/A","#N/A","#N/A",354.99,"#N/A","#N/A",List,"#N/A","#N/A","#N/A",Quote,"#N/A","#N/A",One-time,"#N/A",false,"#N/A","#N/A","#N/A","#N/A","#N/A","#N/A",0.0,0.0,"#N/A"
b90abe54-8acc-4aa0-91e5-5371b6495ebb,"#N/A","#N/A",false,"#N/A","#N/A","#N/A","#N/A",false,1.0,false,false,"#N/A","#N/A",false,"#N/A","#N/A","#N/A",false,"#N/A",false,"#N/A",false,"#N/A",80.96,1.0,"K-Cycle™ bins are bundled in packs of five (5), for offices that brew 24 K-Cup® pods or more a day - 450 K-Cup® pods per bin. Single bins are not available.- Recurring<br> <br>EACH BIN INCLUDES<br>1. Pre-paid UPS return label affixed to bin<br>2. Pre-affixed bag and zip tie seal for brewed K-Cup® pod collection","#N/A","#N/A","#N/A",10.0,"#N/A",a2s8c000000mGCeAAM,"#N/A","#N/A",false,"#N/A","#N/A","#N/A","#N/A","#N/A",false,false,false,89.96,"#N/A","#N/A","#N/A","#N/A",80.96,false,false,6.0,"#N/A","#N/A",1.0,Component,false,89.96,"#N/A","#N/A","#N/A","#N/A","#N/A",80.96,"#N/A","#N/A",false,01u8c00000HCEXrAAP,false,List,"#N/A",b106b645-3530-4338-8d1c-cd299f150306,Renewable,1.0,89.96,89.96,1.0,8d8e0728-7404-47a3-a30c-7b8f468084a8,89.96,false,"#N/A",cb5a03d1-8ad3-413c-ac2e-5e6121d6b4be,"#N/A","#N/A","#N/A","#N/A","#N/A","#N/A",89.96,"#N/A","#N/A",List,"#N/A","#N/A",Fixed Price,Quote,"#N/A","#N/A",Renewable,"#N/A",false,"#N/A","#N/A","#N/A","#N/A","#N/A","#N/A",0.0,0.0,"#N/A"
baffa0d0-7247-43e7-93d8-024f070a4705,"#N/A","#N/A",false,"#N/A","#N/A","#N/A","#N/A",false,1.0,false,false,"#N/A","#N/A",false,"#N/A","#N/A","#N/A",false,"#N/A",false,"#N/A",false,"#N/A",336.75,"#N/A",A high capacity coffee maker designed for continuous use with direct water line plumbing.,"#N/A","#N/A","#N/A",25.0,"#N/A",a2s8c000000mGCfAAM,"#N/A","#N/A",false,"#N/A","#N/A","#N/A","#N/A","#N/A",false,false,false,449.0,"#N/A","#N/A","#N/A","#N/A",336.75,false,false,8.0,"#N/A","#N/A",1.0,Component,false,449.0,"#N/A","#N/A","#N/A","#N/A","#N/A",336.75,"#N/A","#N/A",false,01u8c00000HCEY7AAP,false,List,"#N/A",87e7196f-25f7-4b6e-963b-2061b222c70c,One-time,1.0,449.0,449.0,1.0,9ba6e6e3-c8b3-41ad-8aca-01c1c5920491,449.0,false,"#N/A",4a7e6806-b13f-457c-9cd4-89bb5ec0ef12,"#N/A","#N/A","#N/A","#N/A","#N/A","#N/A",449.0,"#N/A","#N/A",List,"#N/A","#N/A","#N/A",Quote,"#N/A","#N/A",One-time,"#N/A",false,"#N/A","#N/A","#N/A","#N/A","#N/A","#N/A",0.0,0.0,"#N/A"
bb5e02cb-e122-48a6-b737-9a2766e4cbc4,"#N/A","#N/A",false,"#N/A","#N/A","#N/A","#N/A",true,"#N/A",false,false,"#N/A",0.0,false,3772.69,"#N/A",3662.26,false,"#N/A",false,"#N/A",false,"#N/A",0.0,"#N/A","#N/A","#N/A","#N/A","#N/A","#N/A","#N/A","#N/A","#N/A","#N/A",false,"#N/A","#N/A","#N/A","#N/A","#N/A",false,false,false,0.0,"#N/A","#N/A","#N/A","#N/A",0.0,false,false,1.0,"#N/A","#N/A","#N/A","#N/A",false,0.0,"#N/A","#N/A","#N/A","#N/A","#N/A",0.0,"#N/A","#N/A",false,01u8c00000HCEXGAA5,false,List,"#N/A","#N/A",One-time,1.0,0.0,0.0,1.0,880c450f-dd6c-4ac0-89d1-99678282b108,0.0,false,"#N/A","#N/A","#N/A","#N/A","#N/A","#N/A","#N/A","#N/A",0.0,"#N/A","#N/A",List,"#N/A","#N/A","#N/A",Quote,"#N/A","#N/A",One-time,"#N/A",false,"#N/A","#N/A","#N/A","#N/A","#N/A","#N/A",0.0,0.0,"#N/A"
c004ebc9-139a-4b52-82cd-b240bc679da6,"#N/A","#N/A",false,"#N/A","#N/A","#N/A","#N/A",false,1.0,false,false,"#N/A","#N/A",false,"#N/A","#N/A","#N/A",false,"#N/A",false,"#N/A",false,"#N/A",39.35,"#N/A",6 Gallon Bag in Box Syrup- One time,"#N/A","#N/A","#N/A","#N/A","#N/A",a2s8c000000mGCbAAM,"#N/A","#N/A",false,"#N/A","#N/A","#N/A","#N/A","#N/A",false,false,false,39.35,"#N/A","#N/A","#N/A","#N/A",39.35,false,false,4.0,"#N/A","#N/A",1.0,Component,false,39.35,"#N/A","#N/A","#N/A","#N/A","#N/A",39.35,"#N/A","#N/A",false,01u8c00000HCEY8AAP,false,List,"#N/A",222abfb3-3e69-4178-be76-5f0605e45157,One-time,1.0,39.35,39.35,1.0,67d81699-787b-42b4-8455-8026dfe1f084,39.35,false,"#N/A",8d4ab54b-f116-4419-b653-c3fc5b43c083,"#N/A","#N/A","#N/A","#N/A","#N/A","#N/A",39.35,"#N/A","#N/A",List,"#N/A","#N/A","#N/A",Quote,"#N/A","#N/A",One-time,"#N/A",false,"#N/A","#N/A","#N/A","#N/A","#N/A","#N/A",0.0,0.0,"#N/A"
c1afbdd2-aa3b-41d3-9f6b-ca4301149dfb,"#N/A","#N/A",false,"#N/A","#N/A","#N/A","#N/A",true,"#N/A",false,false,"#N/A",0.0,false,598.92,"#N/A",595.92,false,"#N/A",false,"#N/A",false,"#N/A",0.0,"#N/A","#N/A","#N/A","#N/A","#N/A","#N/A","#N/A","#N/A","#N/A","#N/A",false,"#N/A","#N/A","#N/A","#N/A","#N/A",false,false,false,0.0,"#N/A","#N/A","#N/A","#N/A",0.0,false,false,1.0,"#N/A","#N/A","#N/A","#N/A",false,0.0,"#N/A","#N/A","#N/A","#N/A","#N/A",0.0,"#N/A","#N/A",false,01u8c00000HCEYLAA5,false,List,"#N/A","#N/A",One-time,1.0,0.0,0.0,1.0,227c7745-e028-4ecb-a675-a9fbc7375acf,0.0,false,"#N/A","#N/A","#N/A","#N/A","#N/A","#N/A","#N/A","#N/A",0.0,"#N/A","#N/A",List,"#N/A","#N/A","#N/A",Quote,"#N/A","#N/A",One-time,"#N/A",false,"#N/A","#N/A","#N/A","#N/A","#N/A","#N/A",0.0,0.0,"#N/A"
c7ce442f-bdbe-47f8-8c1b-390a304f9e3d,"#N/A","#N/A",false,"#N/A","#N/A","#N/A","#N/A",false,1.0,false,false,"#N/A","#N/A",false,"#N/A","#N/A","#N/A",false,"#N/A",false,"#N/A",false,"#N/A",33.45,1.0,7 Gallon Bag in Box Syrup- Recurring,"#N/A","#N/A","#N/A","#N/A","#N/A",a2s8c000000mGCbAAM,"#N/A","#N/A",false,"#N/A","#N/A","#N/A","#N/A","#N/A",false,false,false,33.45,"#N/A","#N/A","#N/A","#N/A",33.45,false,false,3.0,"#N/A","#N/A",1.0,Component,false,33.45,"#N/A","#N/A","#N/A","#N/A","#N/A",33.45,"#N/A","#N/A",false,01u8c00000HCEXtAAP,false,List,"#N/A",8f8b533f-6b47-4551-9476-fbf4dc71b78e,Renewable,1.0,33.45,33.45,1.0,f81c6818-db89-4e3f-9c5a-ffff0062495a,33.45,false,"#N/A",789180ec-6b2d-4838-85eb-0f5d0b869a55,"#N/A","#N/A","#N/A","#N/A","#N/A","#N/A",33.45,"#N/A","#N/A",List,"#N/A","#N/A",Fixed Price,Quote,"#N/A","#N/A",Renewable,"#N/A",false,"#N/A","#N/A","#N/A","#N/A","#N/A","#N/A",0.0,0.0,"#N/A"
c9a38769-88b3-4539-8bd6-d091e243d6ac,"#N/A","#N/A",false,"#N/A","#N/A","#N/A","#N/A",false,"#N/A",false,false,"#N/A","#N/A",false,"#N/A","#N/A","#N/A",false,"#N/A",false,"#N/A",false,"#N/A",199.2,"#N/A",Business Cloud Storage,"#N/A","#N/A","#N/A","#N/A","#N/A","#N/A","#N/A","#N/A",false,"#N/A","#N/A","#N/A","#N/A","#N/A",false,false,false,249.0,"#N/A","#N/A","#N/A","#N/A",199.2,false,false,2.0,"#N/A","#N/A","#N/A","#N/A",false,249.0,"#N/A","#N/A","#N/A","#N/A","#N/A",199.2,"#N/A","#N/A",false,01u8c00000GqdRlAAJ,false,List,"#N/A","#N/A",Renewable,1.0,249.0,249.0,1.0,f0901f2b-98d8-43b2-8c00-2b5ee686faf5,249.0,false,"#N/A","#N/A","#N/A","#N/A","#N/A","#N/A","#N/A","#N/A",249.0,"#N/A","#N/A",List,"#N/A","#N/A","#N/A",Quote,"#N/A","#N/A",Renewable,"#N/A",false,"#N/A","#N/A","#N/A","#N/A","#N/A","#N/A",0.0,0.0,"#N/A"
cb5a03d1-8ad3-413c-ac2e-5e6121d6b4be,"#N/A","#N/A",false,"#N/A","#N/A","#N/A","#N/A",true,"#N/A",false,false,"#N/A",0.0,false,616.34,"#N/A",607.34,false,"#N/A",false,"#N/A",false,"#N/A",0.0,"#N/A","#N/A","#N/A","#N/A","#N/A","#N/A","#N/A","#N/A","#N/A","#N/A",false,"#N/A","#N/A","#N/A","#N/A","#N/A",false,false,false,0.0,"#N/A","#N/A","#N/A","#N/A",0.0,false,false,1.0,"#N/A","#N/A","#N/A","#N/A",false,0.0,"#N/A","#N/A","#N/A","#N/A","#N/A",0.0,"#N/A","#N/A",false,01u8c00000HCEYLAA5,false,List,"#N/A","#N/A",One-time,1.0,0.0,0.0,1.0,8d8e0728-7404-47a3-a30c-7b8f468084a8,0.0,false,"#N/A","#N/A","#N/A","#N/A","#N/A","#N/A","#N/A","#N/A",0.0,"#N/A","#N/A",List,"#N/A","#N/A","#N/A",Quote,"#N/A","#N/A",One-time,"#N/A",false,"#N/A","#N/A","#N/A","#N/A","#N/A","#N/A",0.0,0.0,"#N/A"
ce7d5952-1fcc-41c1-96c6-53a6be981b1e,"#N/A","#N/A",false,"#N/A","#N/A","#N/A","#N/A",false,1.0,false,false,"#N/A","#N/A",false,"#N/A","#N/A","#N/A",false,"#N/A",false,"#N/A",false,"#N/A",39.35,"#N/A",12 Gallon Bag in Box Syrup- One time,"#N/A","#N/A","#N/A","#N/A","#N/A",a2s8c000000mGCbAAM,"#N/A","#N/A",false,"#N/A","#N/A","#N/A","#N/A","#N/A",false,false,false,39.35,"#N/A","#N/A","#N/A","#N/A",39.35,false,false,2.0,"#N/A","#N/A",1.0,Component,false,39.35,"#N/A","#N/A","#N/A","#N/A","#N/A",39.35,"#N/A","#N/A",false,01u8c00000HCEXMAA5,false,List,"#N/A",eab4bfd0-bc02-4689-b69d-885807610d62,One-time,1.0,39.35,39.35,1.0,f81c6818-db89-4e3f-9c5a-ffff0062495a,39.35,false,"#N/A",789180ec-6b2d-4838-85eb-0f5d0b869a55,"#N/A","#N/A","#N/A","#N/A","#N/A","#N/A",39.35,"#N/A","#N/A",List,"#N/A","#N/A","#N/A",Quote,"#N/A","#N/A",One-time,"#N/A",false,"#N/A","#N/A","#N/A","#N/A","#N/A","#N/A",0.0,0.0,"#N/A"
d460ce6a-349b-4324-b9d3-e2c99a47d3d8,"#N/A","#N/A",false,"#N/A","#N/A","#N/A","#N/A",false,1.0,false,false,"#N/A","#N/A",false,"#N/A","#N/A","#N/A",false,"#N/A",false,"#N/A",false,"#N/A",12.74,1.0,1 24-count Box of K-Cups Pods- Recurring,"#N/A","#N/A","#N/A","#N/A","#N/A",a2s8c000000mGCcAAM,"#N/A","#N/A",false,"#N/A","#N/A","#N/A","#N/A","#N/A",false,false,false,12.74,"#N/A","#N/A","#N/A","#N/A",12.74,false,false,5.0,"#N/A","#N/A",1.0,Component,false,12.74,"#N/A","#N/A","#N/A","#N/A","#N/A",12.74,"#N/A","#N/A",false,01u8c00000HCEY1AAP,false,List,"#N/A",719bdafd-f63a-49f3-9fbb-a83a6181b8b2,Renewable,1.0,12.74,12.74,1.0,9ba6e6e3-c8b3-41ad-8aca-01c1c5920491,12.74,false,"#N/A",4a7e6806-b13f-457c-9cd4-89bb5ec0ef12,"#N/A","#N/A","#N/A","#N/A","#N/A","#N/A",12.74,"#N/A","#N/A",List,"#N/A","#N/A",Fixed Price,Quote,"#N/A","#N/A",Renewable,"#N/A",false,"#N/A","#N/A","#N/A","#N/A","#N/A","#N/A",0.0,0.0,"#N/A"
dd7ff286-a6bb-4a76-a6c2-8dbbe6c36cb4,"#N/A","#N/A",false,"#N/A","#N/A","#N/A","#N/A",false,1.0,false,false,"#N/A","#N/A",false,"#N/A","#N/A","#N/A",false,"#N/A",false,"#N/A",false,"#N/A",3189.0,"#N/A",10 Flomatic valves to dispense an assortment of beverages. <br>Ice dispenser holds 200lb of ice.,"#N/A","#N/A","#N/A","#N/A","#N/A",a2s8c000000mGCgAAM,"#N/A","#N/A",false,"#N/A","#N/A","#N/A","#N/A","#N/A",false,false,false,3189.0,"#N/A","#N/A","#N/A","#N/A",3189.0,false,false,10.0,"#N/A","#N/A",1.0,Component,false,3189.0,"#N/A","#N/A","#N/A","#N/A","#N/A",3189.0,"#N/A","#N/A",false,01u8c00000HCEXLAA5,false,List,"#N/A",0f3db561-ec1a-419c-b3bc-b5c7cdad258f,One-time,1.0,3189.0,3189.0,1.0,67d81699-787b-42b4-8455-8026dfe1f084,3189.0,false,"#N/A",8d4ab54b-f116-4419-b653-c3fc5b43c083,"#N/A","#N/A","#N/A","#N/A","#N/A","#N/A",3189.0,"#N/A","#N/A",List,"#N/A","#N/A","#N/A",Quote,"#N/A","#N/A",One-time,"#N/A",false,"#N/A","#N/A","#N/A","#N/A","#N/A","#N/A",0.0,0.0,"#N/A"
dd9ec8d2-dfde-42e1-8cb9-1f479c74bbf6,"#N/A","#N/A",false,"#N/A","#N/A","#N/A","#N/A",false,1.0,false,false,"#N/A","#N/A",false,"#N/A","#N/A","#N/A",false,"#N/A",false,"#N/A",false,"#N/A",103.21,1.0,8 24-count Boxes of our best selling blends.- Recurring,"#N/A","#N/A","#N/A","#N/A","#N/A",a2s8c000000mGCcAAM,"#N/A","#N/A",false,"#N/A","#N/A","#N/A","#N/A","#N/A",false,false,false,103.21,"#N/A","#N/A","#N/A","#N/A",103.21,false,false,3.0,"#N/A","#N/A",1.0,Component,false,103.21,"#N/A","#N/A","#N/A","#N/A","#N/A",103.21,"#N/A","#N/A",false,01u8c00000HCEXxAAP,false,List,"#N/A",00d2bf57-9d6a-4dcf-8417-4d913a1deef8,Renewable,1.0,103.21,103.21,1.0,9ba6e6e3-c8b3-41ad-8aca-01c1c5920491,103.21,false,"#N/A",4a7e6806-b13f-457c-9cd4-89bb5ec0ef12,"#N/A","#N/A","#N/A","#N/A","#N/A","#N/A",103.21,"#N/A","#N/A",List,"#N/A","#N/A",Fixed Price,Quote,"#N/A","#N/A",Renewable,"#N/A",false,"#N/A","#N/A","#N/A","#N/A","#N/A","#N/A",0.0,0.0,"#N/A"
ddb5a4c9-eb3b-4bf0-a887-a2a46602ae94,"#N/A","#N/A",false,"#N/A","#N/A","#N/A","#N/A",false,1.0,false,false,"#N/A","#N/A",false,"#N/A","#N/A","#N/A",false,"#N/A",false,"#N/A",false,"#N/A",120.0,1.0,Regular cleaning &amp; preventative maintenance to keep your equipment operating optimally.- Recurring,"#N/A","#N/A","#N/A",20.0,"#N/A",a2s8c000000mGCdAAM,"#N/A","#N/A",false,"#N/A","#N/A","#N/A","#N/A","#N/A",false,false,false,150.0,"#N/A","#N/A","#N/A","#N/A",120.0,false,false,5.0,"#N/A","#N/A",1.0,Component,false,150.0,"#N/A","#N/A","#N/A","#N/A","#N/A",120.0,"#N/A","#N/A",false,01u8c00000HCEXKAA5,false,List,"#N/A",227b8495-960b-4c76-af10-6411c7e34d22,Renewable,1.0,150.0,150.0,1.0,d5a5ba15-3fcb-4d1c-bfed-3031c4fdbd64,150.0,false,"#N/A",2f574881-44e1-475c-aa7e-82ae6c6c05f9,"#N/A","#N/A","#N/A","#N/A","#N/A","#N/A",150.0,"#N/A","#N/A",List,"#N/A","#N/A",Fixed Price,Quote,"#N/A","#N/A",Renewable,"#N/A",false,"#N/A","#N/A","#N/A","#N/A","#N/A","#N/A",0.0,0.0,"#N/A"
df6d236b-6573-427e-b577-08f7893ca42a,"#N/A","#N/A",false,"#N/A","#N/A","#N/A","#N/A",false,1.0,false,false,"#N/A","#N/A",false,"#N/A","#N/A","#N/A",false,"#N/A",false,"#N/A",false,"#N/A",14.99,"#N/A",1 24-count Box of K-Cups Pods- One time,"#N/A","#N/A","#N/A","#N/A","#N/A",a2s8c000000mGCcAAM,"#N/A","#N/A",false,"#N/A","#N/A","#N/A","#N/A","#N/A",false,false,false,14.99,"#N/A","#N/A","#N/A","#N/A",14.99,false,false,2.0,"#N/A","#N/A",1.0,Component,false,14.99,"#N/A","#N/A","#N/A","#N/A","#N/A",14.99,"#N/A","#N/A",false,01u8c00000HCEYKAA5,false,List,"#N/A",712240ae-f6e9-45ea-9614-3392a5b7d8a5,Renewable,1.0,14.99,14.99,1.0,9ba6e6e3-c8b3-41ad-8aca-01c1c5920491,14.99,false,"#N/A",4a7e6806-b13f-457c-9cd4-89bb5ec0ef12,"#N/A","#N/A","#N/A","#N/A","#N/A","#N/A",14.99,"#N/A","#N/A",List,"#N/A","#N/A","#N/A",Quote,"#N/A","#N/A",Renewable,"#N/A",false,"#N/A","#N/A","#N/A","#N/A","#N/A","#N/A",0.0,0.0,"#N/A"
e0606804-8d5b-42f0-a7af-b1bfdf17d869,"#N/A","#N/A",false,"#N/A","#N/A","#N/A","#N/A",false,1.0,false,false,"#N/A","#N/A",false,"#N/A","#N/A","#N/A",false,"#N/A",false,"#N/A",false,"#N/A",14.24,"#N/A",1 24-count Box of K-Cups Pods- One time,"#N/A","#N/A","#N/A",5.0,"#N/A",a2s8c000000mGCcAAM,"#N/A","#N/A",false,"#N/A","#N/A","#N/A","#N/A","#N/A",false,false,false,14.99,"#N/A","#N/A","#N/A","#N/A",14.24,false,false,2.0,"#N/A","#N/A",1.0,Component,false,14.99,"#N/A","#N/A","#N/A","#N/A","#N/A",14.24,"#N/A","#N/A",false,01u8c00000HCEYKAA5,false,List,"#N/A",712240ae-f6e9-45ea-9614-3392a5b7d8a5,Renewable,1.0,14.99,14.99,1.0,227c7745-e028-4ecb-a675-a9fbc7375acf,14.99,false,"#N/A",c1afbdd2-aa3b-41d3-9f6b-ca4301149dfb,"#N/A","#N/A","#N/A","#N/A","#N/A","#N/A",14.99,"#N/A","#N/A",List,"#N/A","#N/A","#N/A",Quote,"#N/A","#N/A",Renewable,"#N/A",false,"#N/A","#N/A","#N/A","#N/A","#N/A","#N/A",0.0,0.0,"#N/A"
e2fae832-3ee2-4644-9dee-58722880f6ff,"#N/A","#N/A",false,"#N/A","#N/A","#N/A","#N/A",false,1.0,false,false,"#N/A","#N/A",false,"#N/A","#N/A","#N/A",false,"#N/A",false,"#N/A",false,"#N/A",3189.0,"#N/A",10 Flomatic valves to dispense an assortment of beverages. <br>Ice dispenser holds 200lb of ice.,"#N/A","#N/A","#N/A","#N/A","#N/A",a2s8c000000mGCgAAM,"#N/A","#N/A",false,"#N/A","#N/A","#N/A","#N/A","#N/A",false,false,false,3189.0,"#N/A","#N/A","#N/A","#N/A",3189.0,false,false,6.0,"#N/A","#N/A",1.0,Component,false,3189.0,"#N/A","#N/A","#N/A","#N/A","#N/A",3189.0,"#N/A","#N/A",false,01u8c00000HCEXLAA5,false,List,"#N/A",0f3db561-ec1a-419c-b3bc-b5c7cdad258f,One-time,1.0,3189.0,3189.0,1.0,d5a5ba15-3fcb-4d1c-bfed-3031c4fdbd64,3189.0,false,"#N/A",2f574881-44e1-475c-aa7e-82ae6c6c05f9,"#N/A","#N/A","#N/A","#N/A","#N/A","#N/A",3189.0,"#N/A","#N/A",List,"#N/A","#N/A","#N/A",Quote,"#N/A","#N/A",One-time,"#N/A",false,"#N/A","#N/A","#N/A","#N/A","#N/A","#N/A",0.0,0.0,"#N/A"
e46d8f16-f78c-4e50-b194-fb6d91f6cf82,"#N/A","#N/A",false,"#N/A","#N/A","#N/A","#N/A",false,1.0,false,false,"#N/A","#N/A",false,"#N/A","#N/A","#N/A",false,"#N/A",false,"#N/A",false,"#N/A",89.96,1.0,"K-Cycle™ bins are bundled in packs of five (5), for offices that brew 24 K-Cup® pods or more a day - 450 K-Cup® pods per bin. Single bins are not available.- Recurring<br> <br>EACH BIN INCLUDES<br>1. Pre-paid UPS return label affixed to bin<br>2. Pre-affixed bag and zip tie seal for brewed K-Cup® pod collection","#N/A","#N/A","#N/A","#N/A","#N/A",a2s8c000000mGKtAAM,"#N/A","#N/A",false,"#N/A","#N/A","#N/A","#N/A","#N/A",false,false,false,89.96,"#N/A","#N/A","#N/A","#N/A",89.96,false,false,4.0,"#N/A","#N/A",1.0,Component,false,89.96,"#N/A","#N/A","#N/A","#N/A","#N/A",89.96,"#N/A","#N/A",false,01u8c00000GqdRUAAZ,false,List,"#N/A",74831a29-d206-4c22-8111-767cbae9ed1c,Renewable,1.0,89.96,89.96,1.0,ef91efc3-bc45-433a-990a-6fe515244d35,89.96,false,"#N/A",695ee962-2bbf-41fb-a3d7-e707fde5758b,"#N/A","#N/A","#N/A","#N/A","#N/A","#N/A",89.96,"#N/A","#N/A",List,"#N/A","#N/A",Fixed Price,Quote,"#N/A","#N/A",Renewable,"#N/A",false,"#N/A","#N/A","#N/A","#N/A","#N/A","#N/A",0.0,0.0,"#N/A"
e8bb7fb4-0382-4408-8358-f296f640ecef,"#N/A","#N/A",false,"#N/A","#N/A","#N/A","#N/A",false,1.0,false,false,"#N/A","#N/A",false,"#N/A","#N/A","#N/A",false,"#N/A",false,"#N/A",false,"#N/A",33.45,1.0,7 Gallon Bag in Box Syrup- Recurring,"#N/A","#N/A","#N/A","#N/A","#N/A",a2s8c000000mGCbAAM,"#N/A","#N/A",false,"#N/A","#N/A","#N/A","#N/A","#N/A",false,false,false,33.45,"#N/A","#N/A","#N/A","#N/A",33.45,false,false,5.0,"#N/A","#N/A",1.0,Component,false,33.45,"#N/A","#N/A","#N/A","#N/A","#N/A",33.45,"#N/A","#N/A",false,01u8c00000HCEXtAAP,false,List,"#N/A",8f8b533f-6b47-4551-9476-fbf4dc71b78e,Renewable,1.0,33.45,33.45,1.0,67d81699-787b-42b4-8455-8026dfe1f084,33.45,false,"#N/A",8d4ab54b-f116-4419-b653-c3fc5b43c083,"#N/A","#N/A","#N/A","#N/A","#N/A","#N/A",33.45,"#N/A","#N/A",List,"#N/A","#N/A",Fixed Price,Quote,"#N/A","#N/A",Renewable,"#N/A",false,"#N/A","#N/A","#N/A","#N/A","#N/A","#N/A",0.0,0.0,"#N/A"
ed47983e-8dc7-43b0-85b2-ae005544962c,"#N/A","#N/A",false,"#N/A","#N/A","#N/A","#N/A",false,"#N/A",false,false,"#N/A","#N/A",false,"#N/A","#N/A","#N/A",false,"#N/A",false,"#N/A",false,"#N/A",640.0,"#N/A",Business Plus Cloud Storage,"#N/A","#N/A","#N/A","#N/A","#N/A","#N/A","#N/A","#N/A",false,"#N/A","#N/A","#N/A","#N/A","#N/A",false,false,false,800.0,"#N/A","#N/A","#N/A","#N/A",640.0,false,false,5.0,"#N/A","#N/A","#N/A","#N/A",false,800.0,"#N/A","#N/A","#N/A","#N/A","#N/A",640.0,"#N/A","#N/A",false,01u8c00000HCEXhAAP,false,List,"#N/A","#N/A","#N/A",1.0,800.0,800.0,10.0,f0901f2b-98d8-43b2-8c00-2b5ee686faf5,800.0,false,"#N/A","#N/A","#N/A","#N/A","#N/A","#N/A","#N/A","#N/A",800.0,"#N/A","#N/A","#N/A","#N/A","#N/A","#N/A",Quote,"#N/A","#N/A","#N/A","#N/A",false,"#N/A","#N/A","#N/A","#N/A","#N/A","#N/A",0.0,0.0,"#N/A"
edf5cca9-2f67-447d-8875-199619c36227,"#N/A","#N/A",false,"#N/A","#N/A","#N/A","#N/A",false,1.0,false,false,"#N/A","#N/A",false,"#N/A","#N/A","#N/A",false,"#N/A",false,"#N/A",false,"#N/A",33.45,1.0,9 Gallon Bag in Box Syrup- Recurring,"#N/A","#N/A","#N/A","#N/A","#N/A",a2s8c000000mGCbAAM,"#N/A","#N/A",false,"#N/A","#N/A","#N/A","#N/A","#N/A",false,false,false,33.45,"#N/A","#N/A","#N/A","#N/A",33.45,false,false,4.0,"#N/A","#N/A",1.0,Component,false,33.45,"#N/A","#N/A","#N/A","#N/A","#N/A",33.45,"#N/A","#N/A",false,01u8c00000HCEXIAA5,false,List,"#N/A",93bff870-e1a5-43e5-b7ea-127df07a9f01,Renewable,1.0,33.45,33.45,1.0,f81c6818-db89-4e3f-9c5a-ffff0062495a,33.45,false,"#N/A",789180ec-6b2d-4838-85eb-0f5d0b869a55,"#N/A","#N/A","#N/A","#N/A","#N/A","#N/A",33.45,"#N/A","#N/A",List,"#N/A","#N/A",Fixed Price,Quote,"#N/A","#N/A",Renewable,"#N/A",false,"#N/A","#N/A","#N/A","#N/A","#N/A","#N/A",0.0,0.0,"#N/A"
f00daf74-dad7-4fbc-8cec-b48ee4a27062,"#N/A","#N/A",false,"#N/A","#N/A","#N/A","#N/A",false,1.0,false,false,"#N/A","#N/A",false,"#N/A","#N/A","#N/A",false,"#N/A",false,"#N/A",false,"#N/A",14.99,"#N/A",1 24-count Box of K-Cups Pods- One time,"#N/A","#N/A","#N/A","#N/A","#N/A",a2s8c000000mGCcAAM,"#N/A","#N/A",false,"#N/A","#N/A","#N/A","#N/A","#N/A",false,false,false,14.99,"#N/A","#N/A","#N/A","#N/A",14.99,false,false,4.0,"#N/A","#N/A",1.0,Component,false,14.99,"#N/A","#N/A","#N/A","#N/A","#N/A",14.99,"#N/A","#N/A",false,01u8c00000HCEYJAA5,false,List,"#N/A",d143a00d-2393-481a-9c39-19d95a224c51,Renewable,1.0,14.99,14.99,1.0,9ba6e6e3-c8b3-41ad-8aca-01c1c5920491,14.99,false,"#N/A",4a7e6806-b13f-457c-9cd4-89bb5ec0ef12,"#N/A","#N/A","#N/A","#N/A","#N/A","#N/A",14.99,"#N/A","#N/A",List,"#N/A","#N/A","#N/A",Quote,"#N/A","#N/A",Renewable,"#N/A",false,"#N/A","#N/A","#N/A","#N/A","#N/A","#N/A",0.0,0.0,"#N/A"
f2d7f954-d43e-4db5-9856-e87f851ae512,"#N/A","#N/A",false,"#N/A","#N/A","#N/A","#N/A",false,1.0,false,false,"#N/A","#N/A",false,"#N/A","#N/A","#N/A",false,"#N/A",false,"#N/A",false,"#N/A",150.0,1.0,Regular cleaning &amp; preventative maintenance to keep your equipment operating optimally.- Recurring,"#N/A","#N/A","#N/A","#N/A","#N/A",a2s8c000000mGCdAAM,"#N/A","#N/A",false,"#N/A","#N/A","#N/A","#N/A","#N/A",false,false,false,150.0,"#N/A","#N/A","#N/A","#N/A",150.0,false,false,7.0,"#N/A","#N/A",1.0,Component,false,150.0,"#N/A","#N/A","#N/A","#N/A","#N/A",150.0,"#N/A","#N/A",false,01u8c00000HCEXKAA5,false,List,"#N/A",227b8495-960b-4c76-af10-6411c7e34d22,Renewable,1.0,150.0,150.0,1.0,f81c6818-db89-4e3f-9c5a-ffff0062495a,150.0,false,"#N/A",789180ec-6b2d-4838-85eb-0f5d0b869a55,"#N/A","#N/A","#N/A","#N/A","#N/A","#N/A",150.0,"#N/A","#N/A",List,"#N/A","#N/A",Fixed Price,Quote,"#N/A","#N/A",Renewable,"#N/A",false,"#N/A","#N/A","#N/A","#N/A","#N/A","#N/A",0.0,0.0,"#N/A"
fab96ead-10b7-4ca8-ac66-8fb064059b94,"#N/A","#N/A",false,"#N/A","#N/A","#N/A","#N/A",false,1.0,false,false,"#N/A","#N/A",false,"#N/A","#N/A","#N/A",false,"#N/A",false,"#N/A",false,"#N/A",150.0,1.0,Regular cleaning &amp; preventative maintenance to keep your equipment operating optimally.- Recurring,"#N/A","#N/A","#N/A","#N/A","#N/A",a2s8c000000mGCeAAM,"#N/A","#N/A",false,"#N/A","#N/A","#N/A","#N/A","#N/A",false,false,false,150.0,"#N/A","#N/A","#N/A","#N/A",150.0,false,false,7.0,"#N/A","#N/A",1.0,Component,false,150.0,"#N/A","#N/A","#N/A","#N/A","#N/A",150.0,"#N/A","#N/A",false,01u8c00000HCEXKAA5,false,List,"#N/A",e615b6ea-775d-4263-bb0f-42331fae3cfb,Renewable,1.0,150.0,150.0,1.0,9ba6e6e3-c8b3-41ad-8aca-01c1c5920491,150.0,false,"#N/A",4a7e6806-b13f-457c-9cd4-89bb5ec0ef12,"#N/A","#N/A","#N/A","#N/A","#N/A","#N/A",150.0,"#N/A","#N/A",List,"#N/A","#N/A",Fixed Price,Quote,"#N/A","#N/A",Renewable,"#N/A",false,"#N/A","#N/A","#N/A","#N/A","#N/A","#N/A",0.0,0.0,"#N/A"
fd1bfa16-23e8-4743-a725-0d545a9f4427,"#N/A","#N/A",false,"#N/A","#N/A","#N/A","#N/A",false,1.0,false,false,"#N/A","#N/A",false,"#N/A","#N/A","#N/A",false,"#N/A",false,"#N/A",false,"#N/A",89.96,1.0,"K-Cycle™ bins are bundled in packs of five (5), for offices that brew 24 K-Cup® pods or more a day - 450 K-Cup® pods per bin. Single bins are not available.- Recurring<br> <br>EACH BIN INCLUDES<br>1. Pre-paid UPS return label affixed to bin<br>2. Pre-affixed bag and zip tie seal for brewed K-Cup® pod collection","#N/A","#N/A","#N/A","#N/A","#N/A",a2s8c000000mGCeAAM,"#N/A","#N/A",false,"#N/A","#N/A","#N/A","#N/A","#N/A",false,false,false,89.96,"#N/A","#N/A","#N/A","#N/A",89.96,false,false,6.0,"#N/A","#N/A",1.0,Component,false,89.96,"#N/A","#N/A","#N/A","#N/A","#N/A",89.96,"#N/A","#N/A",false,01u8c00000HCEXrAAP,false,List,"#N/A",b106b645-3530-4338-8d1c-cd299f150306,Renewable,1.0,89.96,89.96,1.0,227c7745-e028-4ecb-a675-a9fbc7375acf,89.96,false,"#N/A",c1afbdd2-aa3b-41d3-9f6b-ca4301149dfb,"#N/A","#N/A","#N/A","#N/A","#N/A","#N/A",89.96,"#N/A","#N/A",List,"#N/A","#N/A",Fixed Price,Quote,"#N/A","#N/A",Renewable,"#N/A",false,"#N/A","#N/A","#N/A","#N/A","#N/A","#N/A",0.0,0.0,"#N/A"
fda5a95d-0087-4622-8293-57256df9a9aa,"#N/A","#N/A",false,"#N/A","#N/A","#N/A","#N/A",false,1.0,false,false,"#N/A","#N/A",false,"#N/A","#N/A","#N/A",false,"#N/A",false,"#N/A",false,"#N/A",150.0,1.0,Regular cleaning &amp; preventative maintenance to keep your equipment operating optimally.- Recurring,"#N/A","#N/A","#N/A","#N/A","#N/A",a2s8c000000mGCdAAM,"#N/A","#N/A",false,"#N/A","#N/A","#N/A","#N/A","#N/A",false,false,false,150.0,"#N/A","#N/A","#N/A","#N/A",150.0,false,false,10.0,"#N/A","#N/A",1.0,Component,false,150.0,"#N/A","#N/A","#N/A","#N/A","#N/A",150.0,"#N/A","#N/A",false,01u8c00000HCEXKAA5,false,List,"#N/A",227b8495-960b-4c76-af10-6411c7e34d22,Renewable,1.0,150.0,150.0,1.0,d5a5ba15-3fcb-4d1c-bfed-3031c4fdbd64,150.0,false,"#N/A",2815823d-dc2f-4fa0-adbe-faeb6c6e31c9,"#N/A","#N/A","#N/A","#N/A","#N/A","#N/A",150.0,"#N/A","#N/A",List,"#N/A","#N/A",Fixed Price,Quote,"#N/A","#N/A",Renewable,"#N/A",false,"#N/A","#N/A","#N/A","#N/A","#N/A","#N/A",0.0,0.0,"#N/A"
